mean_fit_time,std_fit_time,mean_score_time,std_score_time,C,class_weight,max_iter,penalty,mean_test_score,std_test_score
0.668,0.096,0.015,0.004,7.99,balanced,7680,l2,0.517,0.048
0.626,0.089,0.014,0.001,13.068,balanced,8983,l2,0.517,0.048
0.755,0.13,0.014,0.002,5.533,balanced,5171,l2,0.517,0.048
0.687,0.029,0.014,0.001,5.808,balanced,7060,l2,0.517,0.048
0.655,0.033,0.013,0.001,16.97,balanced,5090,l2,0.517,0.048
0.649,0.064,0.014,0.001,5.202,balanced,7269,l2,0.517,0.048
0.662,0.055,0.014,0.001,6.194,balanced,7271,l2,0.517,0.048
0.578,0.089,0.014,0.002,7.179,balanced,9162,l2,0.517,0.048
0.668,0.137,0.014,0.001,93.948,balanced,7739,l2,0.517,0.048
0.617,0.052,0.014,0.001,3.103,balanced,5070,l2,0.517,0.048
0.593,0.076,0.014,0.001,14.467,balanced,7374,l2,0.517,0.048
0.532,0.082,0.013,0.001,34.413,balanced,6333,l2,0.517,0.048
0.574,0.07,0.014,0.001,3.63,balanced,7041,l2,0.517,0.048
0.639,0.048,0.014,0.002,55.163,balanced,7736,,0.517,0.048
0.65,0.078,0.017,0.005,0.245,balanced,6878,,0.517,0.048
0.686,0.054,0.014,0.001,73.249,balanced,7136,,0.517,0.048
0.685,0.054,0.013,0.001,70.472,balanced,7374,,0.517,0.048
0.664,0.047,0.016,0.002,0.038,balanced,9758,,0.517,0.048
0.65,0.044,0.014,0.001,11.364,balanced,8597,,0.517,0.048
0.711,0.047,0.014,0.001,0.002,balanced,5264,,0.517,0.048
0.695,0.049,0.013,0.001,0.025,balanced,8353,,0.517,0.048
0.696,0.044,0.015,0.002,30.244,balanced,7922,,0.517,0.048
0.659,0.051,0.013,0.001,0.006,balanced,5204,,0.517,0.048
0.687,0.046,0.013,0.001,15.485,balanced,7563,,0.517,0.048
0.642,0.065,0.014,0.001,0.424,balanced,7982,,0.517,0.048
0.652,0.093,0.014,0.001,0.568,balanced,9613,,0.517,0.048
0.678,0.048,0.014,0.001,0.011,balanced,9687,,0.517,0.048
0.688,0.041,0.013,0.001,0.0,balanced,7155,,0.517,0.048
0.636,0.08,0.013,0.001,2.38,balanced,9200,,0.517,0.048
0.676,0.044,0.013,0.001,0.005,balanced,9339,,0.517,0.048
0.674,0.047,0.014,0.001,5.274,balanced,8148,,0.517,0.048
0.644,0.047,0.013,0.001,0.003,balanced,9175,,0.517,0.048
0.656,0.048,0.012,0.001,0.734,balanced,8341,,0.517,0.048
0.673,0.046,0.014,0.001,4.29,balanced,5640,,0.517,0.048
0.646,0.097,0.013,0.001,34.198,balanced,8827,,0.517,0.048
0.687,0.043,0.014,0.001,0.011,balanced,7957,,0.517,0.048
0.69,0.046,0.014,0.001,0.703,balanced,6183,,0.517,0.048
0.693,0.049,0.014,0.001,0.002,balanced,5577,,0.517,0.048
0.665,0.103,0.015,0.002,0.408,balanced,8937,,0.517,0.048
0.684,0.053,0.014,0.0,9.883,balanced,8787,,0.517,0.048
0.635,0.052,0.014,0.002,71.254,balanced,8916,,0.517,0.048
0.677,0.045,0.013,0.001,9.315,balanced,6289,,0.517,0.048
0.637,0.086,0.015,0.001,0.001,balanced,8767,,0.517,0.048
0.654,0.086,0.014,0.001,0.0,balanced,7751,,0.517,0.048
0.665,0.092,0.013,0.001,0.001,balanced,9283,,0.517,0.048
0.688,0.052,0.014,0.001,0.598,balanced,6597,,0.517,0.048
0.676,0.05,0.013,0.001,3.016,balanced,7609,,0.517,0.048
0.656,0.092,0.013,0.001,21.539,balanced,9370,,0.517,0.048
0.67,0.05,0.014,0.001,0.028,balanced,6715,,0.517,0.048
0.675,0.043,0.014,0.001,0.077,balanced,6839,,0.517,0.048
0.801,0.203,0.015,0.003,0.005,balanced,7707,,0.517,0.048
0.673,0.051,0.015,0.001,0.187,balanced,8094,,0.517,0.048
0.651,0.096,0.013,0.002,5.144,balanced,8667,,0.517,0.048
0.68,0.047,0.014,0.001,1.515,balanced,9341,,0.517,0.048
0.683,0.049,0.013,0.001,0.0,balanced,9103,,0.517,0.048
0.646,0.094,0.013,0.002,0.002,balanced,7506,,0.517,0.048
0.64,0.04,0.014,0.002,0.005,balanced,9788,,0.517,0.048
0.685,0.047,0.013,0.001,5.897,balanced,7790,,0.517,0.048
0.625,0.046,0.013,0.001,0.453,balanced,8528,,0.517,0.048
0.778,0.078,0.014,0.001,25.884,balanced,6832,,0.517,0.048
0.683,0.051,0.014,0.001,0.002,balanced,5553,,0.517,0.048
0.655,0.089,0.014,0.002,0.042,balanced,6169,,0.517,0.048
0.716,0.093,0.014,0.001,0.089,balanced,7215,,0.517,0.048
0.677,0.051,0.013,0.001,9.394,balanced,8253,,0.517,0.048
0.616,0.045,0.013,0.001,35.715,balanced,6007,,0.517,0.048
0.687,0.093,0.015,0.001,0.999,balanced,7368,,0.517,0.048
0.649,0.103,0.014,0.001,5.304,balanced,9957,,0.517,0.048
0.682,0.049,0.014,0.001,0.0,balanced,8435,,0.517,0.048
0.641,0.057,0.013,0.001,0.002,balanced,7298,,0.517,0.048
0.669,0.045,0.014,0.001,0.06,balanced,7102,,0.517,0.048
0.645,0.05,0.014,0.002,1.979,balanced,8818,,0.517,0.048
0.691,0.053,0.014,0.001,0.0,balanced,7358,,0.517,0.048
0.647,0.064,0.014,0.001,0.549,balanced,6579,,0.517,0.048
0.646,0.086,0.013,0.0,0.33,balanced,9613,,0.517,0.048
0.634,0.05,0.014,0.002,0.003,balanced,5605,,0.517,0.048
0.642,0.053,0.014,0.001,0.535,balanced,5848,,0.517,0.048
0.683,0.054,0.013,0.001,0.073,balanced,6757,,0.517,0.048
0.654,0.093,0.014,0.001,1.346,balanced,8255,,0.517,0.048
0.641,0.059,0.013,0.001,0.202,balanced,8319,,0.517,0.048
0.674,0.056,0.013,0.001,0.002,balanced,5472,,0.517,0.048
0.611,0.038,0.013,0.001,0.025,balanced,6231,,0.517,0.048
0.667,0.081,0.014,0.001,81.522,balanced,5400,,0.517,0.048
0.675,0.05,0.014,0.001,1.133,balanced,8915,,0.517,0.048
0.618,0.043,0.014,0.001,0.009,balanced,8453,,0.517,0.048
0.645,0.055,0.013,0.001,0.542,balanced,5531,,0.517,0.048
0.693,0.038,0.014,0.001,96.933,balanced,8920,,0.517,0.048
0.663,0.07,0.015,0.001,0.242,balanced,6494,,0.517,0.048
0.643,0.05,0.013,0.001,0.009,balanced,5406,,0.517,0.048
0.681,0.045,0.014,0.001,41.258,balanced,7943,,0.517,0.048
0.655,0.062,0.013,0.001,18.196,balanced,6588,,0.517,0.048
0.656,0.098,0.013,0.001,26.379,balanced,5007,,0.517,0.048
0.663,0.091,0.014,0.001,0.0,balanced,7246,,0.517,0.048
0.654,0.047,0.014,0.002,0.001,balanced,5963,,0.517,0.048
0.651,0.053,0.013,0.001,0.001,balanced,8046,,0.517,0.048
0.662,0.106,0.014,0.002,0.008,balanced,6954,,0.517,0.048
0.671,0.055,0.014,0.001,0.005,balanced,9393,,0.517,0.048
0.727,0.033,0.015,0.003,17.526,balanced,9554,,0.517,0.048
0.662,0.099,0.014,0.002,0.327,balanced,5567,,0.517,0.048
0.702,0.054,0.014,0.001,1.32,balanced,7597,,0.517,0.048
0.665,0.083,0.014,0.001,0.007,balanced,6510,,0.517,0.048
0.62,0.079,0.013,0.001,4.805,balanced,9909,,0.517,0.048
0.676,0.05,0.013,0.001,0.498,balanced,6435,,0.517,0.048
0.649,0.103,0.015,0.001,1.226,balanced,5569,,0.517,0.048
0.799,0.113,0.014,0.001,0.097,balanced,8568,,0.517,0.048
0.688,0.046,0.014,0.002,0.282,balanced,6492,,0.517,0.048
0.681,0.05,0.013,0.0,0.0,balanced,7178,,0.517,0.048
0.655,0.052,0.013,0.001,0.001,balanced,7702,,0.517,0.048
0.665,0.044,0.013,0.001,0.012,balanced,9680,,0.517,0.048
0.658,0.085,0.014,0.001,1.501,balanced,6858,,0.517,0.048
0.666,0.047,0.013,0.001,1.145,balanced,6134,,0.517,0.048
0.692,0.056,0.014,0.002,0.001,balanced,7373,,0.517,0.048
0.664,0.044,0.015,0.002,0.051,balanced,7426,,0.517,0.048
0.621,0.046,0.013,0.001,0.027,balanced,7419,,0.517,0.048
0.725,0.052,0.014,0.001,0.057,balanced,8794,,0.517,0.048
0.676,0.049,0.014,0.001,4.163,balanced,9043,,0.517,0.048
0.667,0.052,0.015,0.002,0.337,balanced,5081,,0.517,0.048
0.679,0.052,0.013,0.0,0.01,balanced,8444,,0.517,0.048
0.692,0.052,0.014,0.001,2.846,balanced,8440,,0.517,0.048
0.685,0.053,0.014,0.001,0.004,balanced,6187,,0.517,0.048
0.635,0.045,0.013,0.001,0.008,balanced,6953,,0.517,0.048
0.669,0.048,0.014,0.001,0.144,balanced,6250,,0.517,0.048
0.674,0.052,0.014,0.001,0.246,balanced,9284,,0.517,0.048
0.661,0.044,0.014,0.002,9.705,balanced,6043,,0.517,0.048
0.653,0.1,0.013,0.0,8.502,balanced,9169,,0.517,0.048
0.657,0.072,0.014,0.001,0.001,balanced,5661,,0.517,0.048
0.624,0.046,0.014,0.001,1.445,balanced,5278,,0.517,0.048
0.681,0.055,0.014,0.001,3.851,balanced,6357,,0.517,0.048
0.633,0.047,0.013,0.001,0.0,balanced,5307,,0.517,0.048
0.669,0.041,0.014,0.002,0.0,balanced,7212,,0.517,0.048
0.656,0.095,0.013,0.001,4.881,balanced,7135,,0.517,0.048
0.68,0.054,0.015,0.002,0.022,balanced,7220,,0.517,0.048
0.632,0.044,0.013,0.001,3.984,balanced,9674,,0.517,0.048
0.688,0.057,0.014,0.001,61.353,balanced,9413,,0.517,0.048
0.673,0.057,0.013,0.001,20.912,balanced,8545,,0.517,0.048
0.642,0.101,0.013,0.001,0.001,balanced,6972,,0.517,0.048
0.623,0.027,0.015,0.0,8.431,balanced,5980,l2,0.517,0.048
0.636,0.081,0.014,0.001,4.972,balanced,8918,l2,0.517,0.048
0.572,0.054,0.014,0.001,11.275,balanced,5349,l2,0.517,0.048
0.619,0.12,0.013,0.001,7.124,balanced,8488,l2,0.517,0.048
0.62,0.079,0.014,0.001,3.093,balanced,9673,l2,0.517,0.048
0.628,0.077,0.013,0.002,75.569,balanced,7736,l2,0.517,0.048
0.637,0.089,0.013,0.001,3.062,balanced,7238,l2,0.517,0.048
0.62,0.086,0.013,0.001,5.081,balanced,5232,l2,0.517,0.048
0.568,0.058,0.014,0.001,1.161,balanced,8834,l2,0.517,0.048
0.537,0.049,0.013,0.001,1.906,balanced,6694,l2,0.517,0.047
0.57,0.106,0.015,0.002,8.898,balanced,9862,l2,0.517,0.048
0.607,0.066,0.013,0.002,1.548,balanced,5934,l2,0.517,0.048
0.601,0.078,0.013,0.001,5.489,balanced,8691,l2,0.517,0.048
0.564,0.086,0.013,0.001,8.688,balanced,9887,l2,0.517,0.048
0.668,0.025,0.014,0.001,3.022,balanced,6414,l2,0.517,0.048
0.675,0.105,0.013,0.001,68.54,balanced,7750,l2,0.517,0.048
0.628,0.057,0.014,0.001,4.596,balanced,9234,l2,0.517,0.048
0.612,0.117,0.014,0.001,5.917,balanced,7288,l2,0.517,0.048
0.613,0.071,0.013,0.002,3.717,balanced,9235,l2,0.517,0.048
0.669,0.113,0.014,0.001,1.205,balanced,8744,l2,0.517,0.047
0.568,0.035,0.015,0.001,0.84,balanced,6762,l2,0.517,0.048
0.603,0.086,0.014,0.001,3.261,balanced,5687,l2,0.517,0.048
0.593,0.05,0.013,0.001,0.902,balanced,8615,l2,0.517,0.047
0.574,0.052,0.014,0.001,0.583,balanced,6615,l2,0.517,0.048
0.63,0.107,0.016,0.002,17.626,balanced,8677,l2,0.516,0.048
0.574,0.091,0.013,0.001,1.074,balanced,9300,l2,0.516,0.047
0.55,0.068,0.014,0.001,0.586,balanced,6818,l2,0.516,0.048
0.58,0.034,0.014,0.001,0.756,balanced,9806,l2,0.516,0.048
0.607,0.053,0.014,0.001,0.567,balanced,7569,l2,0.516,0.048
0.51,0.084,0.013,0.001,0.465,balanced,7163,l2,0.516,0.048
0.548,0.014,0.013,0.001,1.049,balanced,6715,l2,0.516,0.047
0.642,0.136,0.016,0.005,0.525,balanced,7566,l2,0.516,0.048
0.539,0.048,0.013,0.001,0.302,balanced,5157,l2,0.516,0.047
0.576,0.054,0.014,0.001,0.305,balanced,8279,l2,0.516,0.047
0.561,0.066,0.016,0.002,0.415,balanced,8467,l2,0.516,0.048
0.528,0.07,0.015,0.002,0.228,balanced,5923,l2,0.516,0.047
0.51,0.047,0.013,0.001,0.203,balanced,9523,l2,0.516,0.046
0.448,0.065,0.013,0.001,0.189,balanced,9427,l2,0.515,0.047
0.462,0.043,0.013,0.002,0.109,balanced,8355,l2,0.515,0.045
0.49,0.014,0.013,0.001,0.161,balanced,5067,l2,0.515,0.046
0.453,0.066,0.014,0.001,0.121,balanced,8030,l2,0.515,0.046
0.525,0.024,0.014,0.002,0.16,balanced,5384,l2,0.515,0.046
0.485,0.011,0.014,0.001,0.143,balanced,6117,l2,0.515,0.046
0.516,0.06,0.015,0.002,0.156,balanced,5139,l2,0.515,0.046
0.471,0.066,0.014,0.001,0.152,balanced,6646,l2,0.515,0.046
0.408,0.041,0.014,0.002,0.088,balanced,9509,l2,0.514,0.046
0.419,0.04,0.014,0.002,0.085,balanced,8820,l2,0.514,0.046
0.409,0.019,0.013,0.001,0.068,balanced,9625,l2,0.514,0.046
0.421,0.048,0.013,0.002,0.066,balanced,7902,l2,0.513,0.046
0.453,0.097,0.013,0.001,0.06,balanced,7737,l2,0.513,0.045
0.376,0.017,0.014,0.001,0.057,balanced,8134,l2,0.513,0.046
0.324,0.038,0.012,0.0,0.036,balanced,5471,l2,0.512,0.046
0.393,0.053,0.014,0.002,0.044,balanced,5626,l2,0.512,0.046
0.359,0.021,0.013,0.001,0.044,balanced,8612,l2,0.512,0.046
0.344,0.014,0.013,0.001,0.04,balanced,6419,l2,0.512,0.046
0.338,0.045,0.013,0.001,0.031,balanced,8434,l2,0.512,0.046
0.282,0.067,0.013,0.001,0.021,balanced,5994,l2,0.51,0.043
0.27,0.033,0.014,0.001,0.017,balanced,7424,l2,0.509,0.043
0.278,0.015,0.013,0.001,0.016,balanced,9233,l2,0.509,0.043
0.263,0.008,0.013,0.002,0.013,balanced,9920,l2,0.508,0.042
0.252,0.022,0.014,0.001,0.012,balanced,7599,l2,0.508,0.042
0.24,0.005,0.014,0.001,0.011,balanced,6544,l2,0.507,0.04
0.261,0.014,0.013,0.001,0.011,balanced,6117,l2,0.507,0.04
0.235,0.02,0.013,0.001,0.009,balanced,8208,l2,0.507,0.039
0.251,0.017,0.013,0.001,0.008,balanced,6403,l2,0.507,0.039
0.243,0.022,0.013,0.002,0.007,balanced,5235,l2,0.506,0.038
0.215,0.009,0.013,0.001,0.005,balanced,5905,l2,0.506,0.036
0.214,0.017,0.013,0.001,0.004,balanced,9184,l2,0.505,0.036
0.214,0.016,0.014,0.001,0.004,balanced,7621,l2,0.505,0.036
0.224,0.014,0.012,0.001,0.005,balanced,9356,l2,0.505,0.036
0.196,0.018,0.012,0.001,0.003,balanced,5929,l2,0.504,0.035
0.164,0.02,0.014,0.002,0.002,balanced,6862,l2,0.504,0.031
0.174,0.021,0.013,0.001,0.002,balanced,8542,l2,0.504,0.032
0.177,0.022,0.013,0.001,0.002,balanced,9378,l2,0.504,0.032
0.186,0.016,0.014,0.001,0.002,balanced,9394,l2,0.504,0.031
0.171,0.025,0.013,0.001,0.002,balanced,5495,l2,0.503,0.031
0.15,0.006,0.013,0.001,0.001,balanced,9819,l2,0.503,0.03
0.147,0.013,0.014,0.001,0.001,balanced,8432,l2,0.501,0.031
0.152,0.025,0.013,0.001,0.001,balanced,8015,l2,0.501,0.031
0.081,0.007,0.013,0.002,0.0,balanced,6507,l2,0.501,0.035
0.089,0.006,0.014,0.001,0.0,balanced,7681,l2,0.501,0.034
0.091,0.006,0.014,0.001,0.0,balanced,8230,l2,0.501,0.035
0.082,0.003,0.013,0.001,0.0,balanced,6353,l2,0.501,0.034
0.092,0.005,0.012,0.001,0.0,balanced,7684,l2,0.501,0.034
0.107,0.013,0.013,0.001,0.0,balanced,5421,l2,0.501,0.034
0.096,0.009,0.014,0.001,0.0,balanced,5675,l2,0.501,0.034
0.1,0.01,0.013,0.001,0.0,balanced,8948,l2,0.501,0.034
0.123,0.027,0.014,0.001,0.0,balanced,6123,l2,0.501,0.034
0.099,0.01,0.013,0.001,0.0,balanced,7359,l2,0.501,0.034
0.121,0.005,0.014,0.001,0.0,balanced,8148,l2,0.5,0.033
0.118,0.009,0.014,0.002,0.001,balanced,9905,l2,0.5,0.032
0.11,0.006,0.013,0.001,0.0,balanced,7456,l2,0.5,0.033
0.123,0.005,0.013,0.001,0.0,balanced,7501,l2,0.5,0.032
0.111,0.007,0.013,0.002,0.0,balanced,7247,l2,0.5,0.033
0.124,0.007,0.014,0.001,0.0,balanced,6076,l2,0.5,0.033
0.566,0.025,0.013,0.001,65.654,,8078,l2,0.351,0.052
0.53,0.062,0.014,0.001,48.988,,9384,l2,0.351,0.052
0.553,0.058,0.013,0.002,22.709,,7785,l2,0.35,0.052
0.564,0.049,0.014,0.001,70.985,,7378,l2,0.35,0.052
0.559,0.1,0.014,0.001,32.03,,8968,l2,0.35,0.052
0.552,0.023,0.013,0.001,39.121,,6859,l2,0.35,0.052
0.525,0.075,0.012,0.001,21.902,,5609,l2,0.35,0.052
0.742,0.076,0.017,0.007,67.981,,5350,l2,0.35,0.053
0.652,0.146,0.015,0.001,33.25,,5150,l2,0.35,0.051
0.509,0.067,0.013,0.001,10.632,,6220,l2,0.35,0.052
0.56,0.031,0.013,0.001,6.768,,8165,l2,0.35,0.052
0.558,0.105,0.013,0.001,28.999,,6312,l2,0.35,0.052
0.571,0.085,0.014,0.001,13.5,,8076,l2,0.35,0.052
0.55,0.101,0.017,0.006,48.304,,6544,l2,0.35,0.053
0.553,0.054,0.015,0.001,52.934,,8864,l2,0.35,0.052
0.613,0.067,0.014,0.001,22.024,,5194,l2,0.35,0.052
0.641,0.066,0.014,0.001,1.15,,6085,,0.35,0.053
0.598,0.082,0.013,0.001,5.468,,5125,,0.35,0.053
0.585,0.1,0.013,0.001,2.42,,6918,,0.35,0.053
0.605,0.058,0.014,0.001,0.0,,9540,,0.35,0.053
0.607,0.093,0.014,0.001,0.002,,9341,,0.35,0.053
0.681,0.082,0.019,0.007,1.82,,6388,,0.35,0.053
0.633,0.062,0.015,0.001,0.002,,6369,,0.35,0.053
0.646,0.063,0.014,0.001,59.472,,6112,,0.35,0.053
0.605,0.096,0.013,0.001,0.002,,7720,,0.35,0.053
0.646,0.06,0.014,0.001,0.083,,6617,,0.35,0.053
0.642,0.055,0.014,0.001,0.003,,7972,,0.35,0.053
0.645,0.026,0.014,0.002,5.087,,6030,,0.35,0.053
0.629,0.06,0.013,0.001,1.185,,8760,,0.35,0.053
0.597,0.08,0.013,0.001,0.272,,8481,,0.35,0.053
0.599,0.108,0.015,0.002,0.004,,7766,,0.35,0.053
0.558,0.061,0.013,0.001,0.161,,5275,,0.35,0.053
0.623,0.11,0.014,0.001,1.605,,9623,,0.35,0.053
0.621,0.06,0.013,0.001,0.649,,9703,,0.35,0.053
0.644,0.056,0.014,0.001,0.004,,5939,,0.35,0.053
0.629,0.053,0.014,0.001,2.945,,7881,,0.35,0.053
0.646,0.056,0.013,0.001,9.275,,6355,,0.35,0.053
0.592,0.07,0.013,0.001,0.544,,6003,,0.35,0.053
0.64,0.061,0.013,0.001,0.453,,5966,,0.35,0.053
0.608,0.111,0.014,0.001,10.787,,8337,,0.35,0.053
0.571,0.065,0.013,0.001,0.015,,7035,,0.35,0.053
0.588,0.076,0.014,0.002,37.532,,9658,,0.35,0.053
0.653,0.065,0.013,0.001,15.539,,7296,,0.35,0.053
0.615,0.075,0.014,0.002,0.382,,5356,,0.35,0.053
0.602,0.072,0.014,0.001,33.632,,7883,,0.35,0.053
0.575,0.058,0.013,0.001,0.005,,5082,,0.35,0.053
0.623,0.079,0.014,0.001,16.225,,8433,,0.35,0.053
0.64,0.056,0.013,0.001,0.324,,8834,,0.35,0.053
0.647,0.055,0.013,0.001,0.029,,8241,,0.35,0.053
0.645,0.062,0.014,0.001,6.255,,7800,,0.35,0.053
0.653,0.063,0.014,0.001,4.139,,8447,,0.35,0.053
0.629,0.105,0.013,0.0,9.074,,7864,,0.35,0.053
0.654,0.066,0.014,0.001,13.482,,9241,,0.35,0.053
0.645,0.058,0.014,0.001,0.0,,9257,,0.35,0.053
0.604,0.094,0.014,0.002,0.004,,9349,,0.35,0.053
0.633,0.067,0.014,0.001,10.91,,6640,,0.35,0.053
0.622,0.106,0.014,0.001,33.477,,6937,,0.35,0.053
0.596,0.065,0.014,0.001,6.961,,8975,,0.35,0.053
0.655,0.057,0.013,0.001,0.033,,8294,,0.35,0.053
0.612,0.075,0.014,0.001,0.001,,5179,,0.35,0.053
0.66,0.076,0.014,0.001,17.343,,7241,,0.35,0.053
0.615,0.061,0.014,0.001,0.009,,7622,,0.35,0.053
0.646,0.063,0.014,0.001,0.001,,9849,,0.35,0.053
0.656,0.063,0.013,0.001,0.001,,6088,,0.35,0.053
0.589,0.061,0.013,0.001,0.897,,5257,,0.35,0.053
0.649,0.059,0.014,0.002,0.847,,8116,,0.35,0.053
0.643,0.06,0.014,0.001,0.035,,8767,,0.35,0.053
0.648,0.064,0.014,0.001,0.367,,8049,,0.35,0.053
0.606,0.09,0.014,0.001,0.096,,6158,,0.35,0.053
0.624,0.11,0.013,0.001,1.848,,8781,,0.35,0.053
0.636,0.064,0.013,0.001,0.003,,5490,,0.35,0.053
0.601,0.075,0.014,0.002,0.033,,9896,,0.35,0.053
0.632,0.059,0.013,0.001,0.124,,6729,,0.35,0.053
0.606,0.074,0.013,0.001,0.007,,5316,,0.35,0.053
0.621,0.068,0.014,0.001,0.001,,6075,,0.35,0.053
0.647,0.065,0.014,0.001,15.375,,8929,,0.35,0.053
0.565,0.064,0.014,0.001,0.044,,5842,,0.35,0.053
0.609,0.061,0.014,0.001,0.564,,7025,,0.35,0.053
0.622,0.116,0.014,0.001,0.001,,8490,,0.35,0.053
0.598,0.061,0.014,0.002,0.138,,9769,,0.35,0.053
0.649,0.066,0.014,0.001,0.001,,6055,,0.35,0.053
0.689,0.03,0.014,0.001,0.001,,6982,,0.35,0.053
0.598,0.048,0.014,0.002,0.0,,5881,,0.35,0.053
0.605,0.071,0.013,0.001,0.0,,5981,,0.35,0.053
0.625,0.06,0.013,0.001,0.007,,6669,,0.35,0.053
0.649,0.056,0.014,0.001,0.002,,5275,,0.35,0.053
0.614,0.087,0.014,0.002,75.602,,6286,,0.35,0.053
0.612,0.084,0.013,0.001,2.194,,6759,,0.35,0.053
0.612,0.061,0.013,0.001,4.834,,5767,,0.35,0.053
0.591,0.08,0.014,0.001,48.213,,9070,,0.35,0.053
0.656,0.059,0.014,0.001,2.628,,6407,,0.35,0.053
0.66,0.066,0.014,0.001,0.1,,8648,,0.35,0.053
0.624,0.082,0.013,0.001,2.664,,6160,,0.35,0.053
0.611,0.113,0.014,0.001,2.706,,8997,,0.35,0.053
0.609,0.073,0.014,0.001,0.282,,5047,,0.35,0.053
0.665,0.093,0.015,0.002,0.045,,5217,,0.35,0.053
0.716,0.112,0.014,0.001,14.038,,5197,,0.35,0.053
0.674,0.081,0.014,0.001,0.016,,8934,,0.35,0.053
0.694,0.071,0.016,0.005,0.0,,6821,,0.35,0.053
0.612,0.053,0.014,0.001,2.157,,8918,,0.35,0.053
0.673,0.061,0.014,0.002,0.002,,7674,,0.35,0.053
0.622,0.062,0.014,0.001,0.018,,7602,,0.35,0.053
0.64,0.057,0.014,0.002,0.003,,7426,,0.35,0.053
0.652,0.099,0.014,0.001,8.015,,9675,,0.35,0.053
0.601,0.076,0.014,0.001,0.001,,7484,,0.35,0.053
0.64,0.058,0.014,0.001,0.022,,9294,,0.35,0.053
0.603,0.083,0.013,0.002,0.0,,5412,,0.35,0.053
0.612,0.06,0.013,0.001,0.0,,5546,,0.35,0.053
0.648,0.061,0.013,0.001,0.647,,5752,,0.35,0.053
0.572,0.049,0.013,0.002,1.253,,9539,,0.35,0.053
0.645,0.058,0.014,0.002,0.498,,8883,,0.35,0.053
0.592,0.067,0.013,0.001,0.001,,9494,,0.35,0.053
0.656,0.059,0.015,0.001,0.002,,9307,,0.35,0.053
0.64,0.056,0.013,0.001,1.336,,8109,,0.35,0.053
0.618,0.082,0.014,0.001,5.391,,8139,,0.35,0.053
0.725,0.071,0.014,0.001,3.211,,6833,,0.35,0.053
0.64,0.056,0.014,0.001,0.002,,9750,,0.35,0.053
0.604,0.076,0.013,0.0,0.365,,8168,,0.35,0.053
0.631,0.06,0.014,0.001,0.152,,5604,,0.35,0.053
0.627,0.05,0.013,0.001,0.001,,7810,,0.35,0.053
0.599,0.065,0.013,0.001,0.001,,7170,,0.35,0.053
0.647,0.057,0.014,0.001,0.007,,8416,,0.35,0.053
0.608,0.075,0.014,0.001,0.973,,7902,,0.35,0.053
0.594,0.078,0.013,0.002,0.006,,5494,,0.35,0.053
0.678,0.062,0.014,0.001,1.253,,9197,,0.35,0.053
0.604,0.107,0.013,0.001,0.002,,7312,,0.35,0.053
0.638,0.059,0.013,0.001,0.0,,9520,,0.35,0.053
0.615,0.08,0.015,0.001,0.023,,5373,,0.35,0.053
0.69,0.095,0.014,0.002,0.001,,5813,,0.35,0.053
0.629,0.056,0.013,0.001,0.104,,6287,,0.35,0.053
0.612,0.092,0.014,0.002,0.503,,5772,,0.35,0.053
0.596,0.078,0.014,0.001,0.73,,6111,,0.35,0.053
0.61,0.063,0.014,0.002,0.032,,7374,,0.35,0.053
0.64,0.06,0.014,0.001,0.133,,5633,,0.35,0.053
0.601,0.059,0.014,0.001,0.001,,5838,,0.35,0.053
0.605,0.073,0.013,0.001,0.0,,7715,,0.35,0.053
0.615,0.098,0.015,0.002,5.592,,5481,,0.35,0.053
0.63,0.055,0.014,0.001,0.001,,6130,,0.35,0.053
0.725,0.121,0.014,0.001,1.304,,9911,,0.35,0.053
0.615,0.086,0.014,0.001,0.018,,9604,,0.35,0.053
0.619,0.055,0.013,0.001,56.681,,7571,,0.35,0.053
0.603,0.066,0.013,0.001,5.72,,8032,,0.35,0.053
0.613,0.098,0.014,0.001,0.123,,8495,,0.35,0.053
0.62,0.073,0.013,0.0,0.241,,7629,,0.35,0.053
0.607,0.054,0.018,0.001,0.002,,9874,,0.35,0.053
0.649,0.065,0.014,0.001,0.623,,5791,,0.35,0.053
0.664,0.105,0.013,0.001,0.93,,7731,,0.35,0.053
0.602,0.085,0.014,0.001,0.066,,5328,,0.35,0.053
0.616,0.071,0.018,0.001,0.023,,7681,,0.35,0.053
0.589,0.055,0.014,0.001,4.233,,8206,,0.35,0.053
0.66,0.069,0.014,0.001,0.004,,5031,,0.35,0.053
0.574,0.052,0.014,0.001,24.58,,5949,l2,0.35,0.053
0.534,0.039,0.015,0.002,7.783,,5812,l2,0.35,0.052
0.575,0.029,0.013,0.001,23.275,,9864,l2,0.35,0.052
0.532,0.074,0.014,0.002,17.546,,7572,l2,0.349,0.053
0.541,0.066,0.014,0.001,21.97,,9702,l2,0.349,0.052
0.536,0.106,0.013,0.001,50.942,,7493,l2,0.349,0.052
0.594,0.028,0.014,0.001,9.534,,6741,l2,0.349,0.053
0.605,0.04,0.014,0.001,7.284,,6674,l2,0.349,0.052
0.501,0.065,0.014,0.001,5.058,,5411,l2,0.349,0.053
0.604,0.038,0.014,0.001,42.594,,9416,l2,0.349,0.053
0.502,0.037,0.013,0.001,7.654,,9625,l2,0.349,0.053
0.547,0.055,0.015,0.002,2.405,,5084,l2,0.349,0.052
0.526,0.079,0.013,0.001,11.376,,9533,l2,0.349,0.052
0.558,0.093,0.013,0.001,2.41,,8498,l2,0.349,0.052
0.55,0.061,0.014,0.001,2.495,,5633,l2,0.349,0.052
0.561,0.036,0.015,0.003,2.579,,7963,l2,0.349,0.051
0.566,0.066,0.014,0.001,5.279,,7415,l2,0.349,0.05
0.698,0.126,0.014,0.001,3.811,,6685,l2,0.349,0.052
0.556,0.09,0.017,0.002,7.226,,8941,l2,0.349,0.052
0.543,0.032,0.013,0.001,2.134,,5903,l2,0.348,0.052
0.566,0.065,0.013,0.001,1.824,,8446,l2,0.348,0.052
0.569,0.052,0.014,0.001,2.319,,5064,l2,0.348,0.052
0.572,0.087,0.014,0.001,1.67,,7549,l2,0.348,0.052
0.55,0.033,0.013,0.002,1.131,,5787,l2,0.348,0.051
0.574,0.092,0.017,0.005,2.416,,7167,l2,0.348,0.053
0.57,0.048,0.014,0.001,1.695,,8792,l2,0.348,0.052
0.573,0.06,0.014,0.001,1.561,,6550,l2,0.348,0.052
0.515,0.091,0.013,0.0,1.619,,7342,l2,0.348,0.052
0.676,0.14,0.015,0.002,1.223,,9682,l2,0.348,0.052
0.534,0.058,0.014,0.001,1.274,,5963,l2,0.348,0.052
0.534,0.053,0.013,0.001,1.461,,6923,l2,0.347,0.052
0.579,0.028,0.014,0.001,1.076,,9797,l2,0.347,0.052
0.527,0.047,0.013,0.001,0.818,,7972,l2,0.347,0.049
0.499,0.024,0.014,0.001,0.599,,5869,l2,0.347,0.051
0.502,0.059,0.014,0.001,0.406,,9796,l2,0.346,0.051
0.434,0.075,0.013,0.001,0.383,,7783,l2,0.346,0.051
0.493,0.042,0.014,0.001,0.554,,5358,l2,0.345,0.051
0.493,0.066,0.014,0.001,0.335,,9646,l2,0.345,0.052
0.531,0.053,0.013,0.001,0.393,,9184,l2,0.345,0.05
0.458,0.059,0.013,0.001,0.293,,8844,l2,0.344,0.052
0.484,0.06,0.014,0.001,0.269,,6428,l2,0.344,0.051
0.425,0.047,0.013,0.001,0.265,,5411,l2,0.344,0.051
0.464,0.061,0.013,0.0,0.285,,6109,l2,0.343,0.051
0.494,0.046,0.014,0.001,0.253,,8843,l2,0.343,0.051
0.427,0.042,0.014,0.002,0.266,,8702,l2,0.343,0.051
0.451,0.031,0.014,0.001,0.16,,5768,l2,0.34,0.05
0.433,0.023,0.013,0.001,0.15,,5769,l2,0.338,0.051
0.424,0.05,0.013,0.001,0.141,,5045,l2,0.338,0.049
0.421,0.031,0.014,0.001,0.128,,5583,l2,0.337,0.05
0.409,0.04,0.014,0.001,0.121,,7838,l2,0.336,0.049
0.446,0.048,0.014,0.001,0.121,,9729,l2,0.336,0.049
0.406,0.034,0.015,0.001,0.107,,7469,l2,0.334,0.05
0.416,0.046,0.014,0.001,0.102,,7115,l2,0.333,0.05
0.392,0.07,0.013,0.001,0.099,,8331,l2,0.333,0.05
0.411,0.033,0.013,0.001,0.079,,7167,l2,0.329,0.05
0.385,0.044,0.013,0.0,0.073,,6037,l2,0.329,0.051
0.363,0.014,0.014,0.0,0.066,,6424,l2,0.328,0.051
0.367,0.054,0.014,0.002,0.065,,6114,l2,0.328,0.051
0.357,0.055,0.014,0.001,0.065,,9390,l2,0.327,0.051
0.349,0.038,0.013,0.001,0.056,,8453,l2,0.324,0.051
0.312,0.03,0.014,0.001,0.046,,5078,l2,0.323,0.051
0.343,0.03,0.014,0.001,0.041,,6829,l2,0.321,0.051
0.326,0.021,0.014,0.001,0.039,,6769,l2,0.32,0.051
0.313,0.029,0.012,0.001,0.04,,8186,l2,0.32,0.051
0.303,0.037,0.014,0.001,0.037,,6746,l2,0.319,0.051
0.325,0.033,0.014,0.001,0.033,,5892,l2,0.317,0.052
0.291,0.023,0.014,0.002,0.032,,6867,l2,0.316,0.052
0.329,0.03,0.013,0.0,0.029,,7139,l2,0.316,0.052
0.267,0.035,0.013,0.001,0.022,,5496,l2,0.311,0.05
0.276,0.016,0.014,0.001,0.019,,9339,l2,0.308,0.049
0.269,0.029,0.013,0.001,0.018,,8816,l2,0.308,0.051
0.284,0.015,0.016,0.003,0.017,,5048,l2,0.306,0.05
0.239,0.022,0.013,0.001,0.016,,8093,l2,0.306,0.05
0.249,0.039,0.014,0.001,0.013,,6336,l2,0.301,0.05
0.212,0.009,0.013,0.001,0.01,,9658,l2,0.292,0.05
0.213,0.019,0.014,0.001,0.008,,7010,l2,0.288,0.05
0.233,0.016,0.014,0.001,0.008,,6768,l2,0.288,0.05
0.203,0.022,0.015,0.002,0.006,,8281,l2,0.282,0.051
0.193,0.018,0.014,0.0,0.006,,7660,l2,0.282,0.051
0.221,0.01,0.013,0.001,0.006,,8932,l2,0.281,0.052
0.192,0.024,0.013,0.001,0.005,,9024,l2,0.278,0.051
0.169,0.008,0.013,0.001,0.004,,9626,l2,0.273,0.051
0.192,0.014,0.014,0.001,0.004,,6821,l2,0.272,0.05
0.171,0.014,0.013,0.001,0.003,,6450,l2,0.262,0.052
0.151,0.015,0.012,0.001,0.002,,7514,l2,0.257,0.053
0.151,0.02,0.013,0.001,0.002,,9897,l2,0.25,0.054
0.149,0.015,0.013,0.001,0.002,,6176,l2,0.245,0.052
0.162,0.009,0.014,0.001,0.002,,5128,l2,0.242,0.052
0.152,0.008,0.014,0.001,0.001,,9041,l2,0.239,0.05
0.163,0.008,0.013,0.001,0.001,,7753,l2,0.236,0.05
0.124,0.008,0.013,0.001,0.001,,8354,l2,0.227,0.05
0.132,0.008,0.013,0.002,0.001,,7092,l2,0.214,0.049
0.13,0.004,0.014,0.0,0.001,,6632,l2,0.201,0.048
0.105,0.011,0.013,0.001,0.001,,6364,l2,0.195,0.05
0.108,0.009,0.013,0.001,0.001,,6215,l2,0.194,0.05
0.109,0.013,0.012,0.001,0.001,,7623,l2,0.19,0.05
0.106,0.008,0.013,0.001,0.001,,9238,l2,0.184,0.051
0.109,0.014,0.013,0.001,0.001,,6207,l2,0.177,0.05
0.093,0.001,0.012,0.001,0.001,,5825,l2,0.173,0.05
0.101,0.006,0.013,0.001,0.001,,7834,l2,0.168,0.05
0.116,0.006,0.014,0.001,0.0,,9799,l2,0.161,0.05
0.107,0.006,0.013,0.001,0.0,,9378,l2,0.157,0.05
0.108,0.006,0.013,0.002,0.0,,8855,l2,0.145,0.048
0.109,0.007,0.014,0.0,0.0,,5463,l2,0.14,0.047
0.108,0.011,0.013,0.001,0.0,,5372,l2,0.116,0.043
0.1,0.006,0.014,0.001,0.0,,8885,l2,0.087,0.036
0.099,0.004,0.013,0.001,0.0,,5175,l2,0.084,0.034
0.087,0.006,0.013,0.001,0.0,,6093,l2,0.037,0.023
0.045,0.003,0.0,0.0,0.001,balanced,7131,l1,,
0.045,0.006,0.0,0.0,2.868,balanced,8362,l1,,
0.046,0.008,0.0,0.0,0.003,balanced,7545,elasticnet,,
0.037,0.002,0.0,0.0,0.877,,6054,elasticnet,,
0.039,0.001,0.0,0.0,0.0,balanced,8719,l1,,
0.038,0.0,0.0,0.0,0.0,,9733,l1,,
0.037,0.001,0.0,0.0,58.949,balanced,8900,elasticnet,,
0.037,0.001,0.0,0.0,15.014,,8541,elasticnet,,
0.037,0.001,0.0,0.0,0.001,balanced,7248,l1,,
0.04,0.004,0.0,0.0,0.076,,7020,elasticnet,,
0.041,0.005,0.0,0.0,7.924,,6957,elasticnet,,
0.04,0.002,0.0,0.0,0.015,balanced,9683,elasticnet,,
0.038,0.003,0.0,0.0,0.004,,5194,l1,,
0.04,0.004,0.0,0.0,0.02,balanced,5368,elasticnet,,
0.041,0.005,0.0,0.0,2.344,,5364,l1,,
0.038,0.002,0.0,0.0,2.587,,8496,elasticnet,,
0.042,0.007,0.0,0.0,0.002,,9956,elasticnet,,
0.035,0.001,0.0,0.0,0.0,balanced,6734,l1,,
0.034,0.001,0.0,0.0,2.038,,7202,l1,,
0.037,0.001,0.0,0.0,0.078,,6275,elasticnet,,
0.037,0.002,0.0,0.0,0.074,balanced,7723,l1,,
0.036,0.001,0.0,0.0,0.005,,7200,elasticnet,,
0.038,0.0,0.0,0.0,0.822,,9293,l1,,
0.036,0.002,0.0,0.0,0.039,balanced,5186,l1,,
0.034,0.001,0.0,0.0,0.026,,9305,elasticnet,,
0.038,0.001,0.0,0.0,0.297,,5228,l1,,
0.037,0.001,0.0,0.0,0.028,,5194,l1,,
0.038,0.001,0.0,0.0,50.013,balanced,7592,elasticnet,,
0.037,0.003,0.0,0.0,6.33,balanced,7356,elasticnet,,
0.037,0.002,0.0,0.0,0.0,,5610,l1,,
0.037,0.001,0.0,0.0,0.678,,5920,elasticnet,,
0.036,0.001,0.0,0.0,0.009,,7479,l1,,
0.037,0.001,0.0,0.0,0.041,balanced,5623,elasticnet,,
0.038,0.001,0.0,0.0,0.018,balanced,7484,elasticnet,,
0.036,0.001,0.0,0.0,0.003,balanced,6845,l1,,
0.039,0.002,0.0,0.0,0.0,balanced,5242,l1,,
0.037,0.001,0.0,0.0,0.0,balanced,6669,l1,,
0.042,0.011,0.0,0.0,48.227,balanced,8986,l1,,
0.038,0.001,0.0,0.0,1.646,,8889,elasticnet,,
0.036,0.004,0.0,0.0,0.03,,5756,elasticnet,,
0.034,0.002,0.0,0.0,5.114,balanced,8498,elasticnet,,
0.034,0.001,0.0,0.0,24.894,,8641,elasticnet,,
0.034,0.001,0.0,0.0,0.273,balanced,9116,l1,,
0.037,0.002,0.0,0.0,26.806,balanced,7735,elasticnet,,
0.039,0.004,0.0,0.0,0.042,balanced,9516,l1,,
0.038,0.001,0.0,0.0,0.678,,5543,elasticnet,,
0.04,0.004,0.0,0.0,25.134,,6937,elasticnet,,
0.038,0.002,0.0,0.0,0.075,balanced,6554,elasticnet,,
0.039,0.003,0.0,0.0,0.183,balanced,8156,l1,,
0.038,0.002,0.0,0.0,2.484,balanced,9339,l1,,
0.038,0.001,0.0,0.0,0.135,balanced,9302,elasticnet,,
0.036,0.002,0.0,0.0,0.0,,6592,elasticnet,,
0.038,0.001,0.0,0.0,29.159,,9758,elasticnet,,
0.038,0.002,0.0,0.0,38.402,,8114,elasticnet,,
0.038,0.001,0.0,0.0,0.0,,6318,l1,,
0.038,0.001,0.0,0.0,2.084,,7192,l1,,
0.036,0.001,0.0,0.0,1.137,,8441,l1,,
0.037,0.001,0.0,0.0,0.0,,9524,l1,,
0.034,0.001,0.0,0.0,0.001,,6846,l1,,
0.037,0.002,0.0,0.0,0.759,,5363,elasticnet,,
0.038,0.0,0.0,0.0,0.991,balanced,6110,l1,,
0.038,0.002,0.0,0.0,0.004,balanced,9525,elasticnet,,
0.038,0.002,0.0,0.0,0.0,,9191,elasticnet,,
0.037,0.003,0.0,0.0,0.0,balanced,8773,l1,,
0.042,0.005,0.0,0.0,0.003,balanced,6709,l1,,
0.034,0.001,0.0,0.0,0.017,,6136,l1,,
0.034,0.001,0.0,0.0,0.001,,5022,l1,,
0.034,0.001,0.0,0.0,0.006,,5378,l1,,
0.034,0.001,0.0,0.0,49.826,balanced,9510,elasticnet,,
0.034,0.001,0.0,0.0,83.725,balanced,5685,elasticnet,,
0.037,0.001,0.0,0.0,0.001,balanced,6963,l1,,
0.037,0.004,0.0,0.0,8.396,balanced,8838,elasticnet,,
0.037,0.001,0.0,0.0,0.001,,5590,elasticnet,,
0.038,0.001,0.0,0.0,0.009,,8993,l1,,
0.038,0.005,0.0,0.0,29.998,balanced,5102,elasticnet,,
0.036,0.002,0.0,0.0,1.157,balanced,6406,elasticnet,,
0.046,0.01,0.0,0.0,15.196,,7197,l1,,
0.044,0.009,0.0,0.0,0.037,balanced,5048,l1,,
0.039,0.002,0.0,0.0,0.149,,8374,l1,,
0.038,0.003,0.0,0.0,0.0,balanced,8536,l1,,
0.037,0.004,0.0,0.0,74.301,,5854,l1,,
0.035,0.001,0.0,0.0,0.002,balanced,9097,elasticnet,,
0.039,0.004,0.0,0.0,0.362,,6002,elasticnet,,
0.037,0.001,0.0,0.0,42.152,,7687,elasticnet,,
0.037,0.001,0.0,0.0,0.0,balanced,5348,elasticnet,,
0.036,0.002,0.0,0.0,1.922,,5489,elasticnet,,
0.038,0.005,0.0,0.0,23.621,,5128,elasticnet,,
0.039,0.002,0.0,0.0,0.0,,5747,elasticnet,,
0.039,0.001,0.0,0.0,0.329,,9060,l1,,
0.039,0.001,0.0,0.0,0.13,,8138,elasticnet,,
0.037,0.001,0.0,0.0,17.132,,8429,l1,,
0.037,0.002,0.0,0.0,0.002,balanced,7856,l1,,
0.037,0.002,0.0,0.0,0.029,balanced,6855,elasticnet,,
0.037,0.002,0.0,0.0,0.001,,5293,elasticnet,,
0.037,0.001,0.0,0.0,0.039,balanced,6109,elasticnet,,
0.037,0.001,0.0,0.0,12.323,,9390,l1,,
0.037,0.001,0.0,0.0,0.012,,9546,l1,,
0.037,0.001,0.0,0.0,0.036,,8305,elasticnet,,
0.039,0.0,0.0,0.0,0.0,balanced,5886,l1,,
0.037,0.001,0.0,0.0,10.963,,9759,elasticnet,,
0.037,0.001,0.0,0.0,1.659,balanced,8816,elasticnet,,
0.036,0.002,0.0,0.0,0.001,balanced,9167,l1,,
0.035,0.002,0.0,0.0,2.065,,5399,elasticnet,,
0.034,0.001,0.0,0.0,0.0,,6783,elasticnet,,
0.038,0.001,0.0,0.0,5.314,,6826,elasticnet,,
0.038,0.002,0.0,0.0,0.0,balanced,6571,l1,,
0.035,0.001,0.0,0.0,0.522,,6143,l1,,
0.034,0.002,0.0,0.0,0.179,,9459,l1,,
0.035,0.001,0.0,0.0,32.073,balanced,8441,l1,,
0.039,0.002,0.0,0.0,0.005,balanced,5159,elasticnet,,
0.038,0.005,0.0,0.0,1.857,,8062,elasticnet,,
0.036,0.002,0.0,0.0,3.295,balanced,9852,l1,,
0.035,0.001,0.0,0.0,0.001,balanced,9731,elasticnet,,
0.037,0.001,0.0,0.0,0.001,balanced,6746,l1,,
0.036,0.001,0.0,0.0,0.124,balanced,7272,elasticnet,,
0.037,0.003,0.0,0.0,0.045,,5274,l1,,
0.037,0.001,0.0,0.0,0.102,balanced,6525,elasticnet,,
0.036,0.002,0.0,0.0,7.654,,7665,elasticnet,,
0.037,0.001,0.0,0.0,1.776,balanced,9470,elasticnet,,
0.036,0.001,0.0,0.0,0.011,balanced,7723,l1,,
0.037,0.001,0.0,0.0,0.0,balanced,6420,l1,,
0.038,0.003,0.0,0.0,1.245,balanced,7611,l1,,
0.038,0.002,0.0,0.0,19.108,balanced,7922,elasticnet,,
0.038,0.002,0.0,0.0,0.275,balanced,6556,l1,,
0.037,0.002,0.0,0.0,76.532,,7226,elasticnet,,
0.045,0.01,0.0,0.0,0.004,balanced,8042,l1,,
0.036,0.001,0.0,0.0,0.0,balanced,9639,elasticnet,,
0.037,0.001,0.0,0.0,0.0,,9338,elasticnet,,
0.037,0.002,0.0,0.0,0.016,,8253,elasticnet,,
0.049,0.013,0.0,0.0,0.001,,8520,l1,,
0.039,0.003,0.0,0.0,0.007,balanced,7353,elasticnet,,
0.038,0.003,0.0,0.0,0.007,,7988,elasticnet,,
0.056,0.014,0.0,0.0,0.222,balanced,6199,elasticnet,,
0.038,0.005,0.0,0.0,0.019,balanced,7109,elasticnet,,
0.037,0.001,0.0,0.0,0.096,,8444,l1,,
0.037,0.001,0.0,0.0,30.381,balanced,7126,l1,,
0.039,0.006,0.0,0.0,0.001,balanced,9013,elasticnet,,
0.037,0.001,0.0,0.0,0.011,balanced,9846,elasticnet,,
0.038,0.002,0.0,0.0,0.243,,5149,l1,,
0.038,0.005,0.0,0.0,0.0,,9358,l1,,
0.038,0.001,0.0,0.0,0.001,balanced,5140,elasticnet,,
0.039,0.004,0.0,0.0,0.878,,7341,elasticnet,,
0.037,0.001,0.0,0.0,4.766,,6761,l1,,
0.038,0.003,0.0,0.0,0.0,,8378,elasticnet,,
0.035,0.002,0.0,0.0,0.0,balanced,9890,l1,,
0.035,0.001,0.0,0.0,0.351,balanced,9943,l1,,
0.034,0.001,0.0,0.0,0.0,balanced,5480,l1,,
0.033,0.001,0.0,0.0,21.822,balanced,9685,elasticnet,,
0.037,0.001,0.0,0.0,0.428,,6549,elasticnet,,
0.036,0.001,0.0,0.0,0.111,balanced,9031,elasticnet,,
0.04,0.005,0.0,0.0,0.699,,8801,elasticnet,,
0.037,0.001,0.0,0.0,0.031,,9807,l1,,
0.038,0.001,0.0,0.0,1.153,balanced,7357,elasticnet,,
0.037,0.001,0.0,0.0,53.042,balanced,5978,l1,,
0.042,0.006,0.0,0.0,0.168,,9250,elasticnet,,
0.037,0.002,0.0,0.0,0.474,,8910,l1,,
0.035,0.002,0.0,0.0,0.001,balanced,8556,l1,,
0.034,0.001,0.0,0.0,0.0,,5650,elasticnet,,
0.037,0.001,0.0,0.0,0.032,balanced,6515,l1,,
0.04,0.004,0.0,0.0,0.006,,7943,l1,,
0.049,0.015,0.0,0.0,0.022,balanced,9497,l1,,
0.035,0.001,0.0,0.0,0.021,balanced,5610,elasticnet,,
0.037,0.001,0.0,0.0,0.408,,5279,l1,,
0.038,0.001,0.0,0.0,0.0,balanced,5378,l1,,
0.038,0.001,0.0,0.0,0.129,balanced,5399,l1,,
0.039,0.003,0.0,0.0,0.908,,5635,elasticnet,,
0.035,0.001,0.0,0.0,26.459,balanced,5145,l1,,
0.033,0.001,0.0,0.0,4.167,,5495,l1,,
0.036,0.001,0.0,0.0,0.0,balanced,7592,elasticnet,,
0.036,0.002,0.0,0.0,1.608,,8485,l1,,
0.039,0.002,0.0,0.0,0.001,balanced,7268,l1,,
0.039,0.005,0.0,0.0,0.031,,7026,elasticnet,,
0.037,0.001,0.0,0.0,0.105,balanced,5471,l1,,
0.037,0.001,0.0,0.0,0.197,balanced,8856,l1,,
0.037,0.001,0.0,0.0,5.231,,9872,l1,,
0.036,0.0,0.0,0.0,4.085,balanced,9143,l1,,
0.039,0.003,0.0,0.0,0.0,,8661,l1,,
0.038,0.001,0.0,0.0,0.0,,7498,l1,,
0.038,0.001,0.0,0.0,0.059,balanced,6937,l1,,
0.035,0.003,0.0,0.0,0.024,,5115,elasticnet,,
0.038,0.002,0.0,0.0,0.708,,6605,l1,,
0.038,0.001,0.0,0.0,0.077,,8601,l1,,
0.039,0.003,0.0,0.0,0.582,,8093,l1,,
0.041,0.004,0.0,0.0,2.533,,8100,l1,,
0.036,0.002,0.0,0.0,54.055,,8967,l1,,
0.034,0.0,0.0,0.0,0.0,,7487,elasticnet,,
0.035,0.001,0.0,0.0,76.678,balanced,7746,l1,,
0.04,0.003,0.0,0.0,0.66,,5308,elasticnet,,
0.034,0.001,0.0,0.0,0.011,balanced,9920,l1,,
0.041,0.002,0.0,0.0,0.0,balanced,9736,l1,,
0.038,0.001,0.0,0.0,0.009,balanced,5448,l1,,
0.037,0.002,0.0,0.0,0.008,,6496,elasticnet,,
0.035,0.001,0.0,0.0,0.001,balanced,7836,l1,,
0.034,0.001,0.0,0.0,0.0,,8322,l1,,
0.034,0.001,0.0,0.0,2.301,balanced,5257,l1,,
0.039,0.006,0.0,0.0,0.238,,6868,elasticnet,,
0.039,0.004,0.0,0.0,50.295,,9274,l1,,
0.038,0.001,0.0,0.0,8.944,,6065,elasticnet,,
0.038,0.001,0.0,0.0,0.0,,6957,elasticnet,,
0.042,0.006,0.0,0.0,0.005,,6157,elasticnet,,
0.038,0.006,0.0,0.0,8.406,,7802,elasticnet,,
0.037,0.001,0.0,0.0,0.003,,7583,l1,,
0.038,0.001,0.0,0.0,0.001,,7525,l1,,
0.04,0.005,0.0,0.0,0.0,,5789,l1,,
0.042,0.005,0.0,0.0,28.614,balanced,9199,elasticnet,,
0.037,0.002,0.0,0.0,1.667,balanced,6603,elasticnet,,
0.037,0.001,0.0,0.0,17.451,balanced,9985,elasticnet,,
0.037,0.001,0.0,0.0,0.089,,5094,elasticnet,,
0.038,0.001,0.0,0.0,5.181,balanced,6422,elasticnet,,
0.039,0.002,0.0,0.0,0.002,balanced,5742,elasticnet,,
0.038,0.001,0.0,0.0,0.622,,9447,elasticnet,,
0.038,0.002,0.0,0.0,2.198,,6059,elasticnet,,
0.041,0.005,0.0,0.0,1.005,balanced,9032,elasticnet,,
0.04,0.006,0.0,0.0,0.001,,7954,elasticnet,,
0.036,0.001,0.0,0.0,0.001,balanced,9453,elasticnet,,
0.037,0.001,0.0,0.0,0.047,,8172,elasticnet,,
0.039,0.002,0.0,0.0,0.0,,9231,l1,,
0.036,0.001,0.0,0.0,0.287,balanced,9086,l1,,
0.04,0.005,0.0,0.0,0.88,balanced,7694,elasticnet,,
0.037,0.0,0.0,0.0,0.995,,8616,elasticnet,,
0.036,0.002,0.0,0.0,6.801,balanced,7284,l1,,
0.041,0.004,0.0,0.0,0.008,balanced,8076,elasticnet,,
0.037,0.002,0.0,0.0,18.663,,7333,elasticnet,,
0.038,0.001,0.0,0.0,8.121,balanced,8980,l1,,
0.039,0.001,0.0,0.0,0.002,,6125,l1,,
0.039,0.001,0.0,0.0,0.073,,9024,l1,,
0.037,0.002,0.0,0.0,0.009,balanced,7685,elasticnet,,
0.037,0.001,0.0,0.0,0.002,balanced,7426,l1,,
0.038,0.001,0.0,0.0,0.005,balanced,8388,elasticnet,,
0.039,0.001,0.0,0.0,0.0,balanced,6941,elasticnet,,
0.038,0.001,0.0,0.0,3.696,,5235,elasticnet,,
0.038,0.001,0.0,0.0,10.356,,6640,l1,,
0.038,0.001,0.0,0.0,0.0,balanced,6763,l1,,
0.037,0.001,0.0,0.0,0.022,balanced,8392,elasticnet,,
0.035,0.001,0.0,0.0,0.45,,9986,l1,,
0.034,0.001,0.0,0.0,1.604,balanced,9970,elasticnet,,
0.039,0.002,0.0,0.0,0.675,,8416,l1,,
0.037,0.001,0.0,0.0,0.006,balanced,7927,elasticnet,,
0.036,0.001,0.0,0.0,1.102,,5749,l1,,
0.037,0.001,0.0,0.0,2.097,balanced,6528,l1,,
0.037,0.001,0.0,0.0,24.548,balanced,5508,elasticnet,,
0.039,0.002,0.0,0.0,0.0,balanced,8715,elasticnet,,
0.044,0.008,0.0,0.0,13.064,,7938,l1,,
0.037,0.001,0.0,0.0,0.035,balanced,6529,elasticnet,,
0.037,0.001,0.0,0.0,0.005,,6601,l1,,
0.039,0.003,0.0,0.0,73.292,,6653,elasticnet,,
0.041,0.006,0.0,0.0,3.958,,6507,elasticnet,,
0.041,0.005,0.0,0.0,0.14,balanced,7865,elasticnet,,
0.039,0.001,0.0,0.0,0.0,balanced,8553,l1,,
0.037,0.001,0.0,0.0,8.589,,7552,elasticnet,,
0.038,0.001,0.0,0.0,0.001,balanced,5632,l1,,
0.039,0.005,0.0,0.0,4.383,,7324,elasticnet,,
0.041,0.004,0.0,0.0,0.0,balanced,7837,elasticnet,,
0.039,0.001,0.0,0.0,26.578,,5161,l1,,
0.036,0.001,0.0,0.0,1.0,,5657,l1,,
0.042,0.005,0.0,0.0,0.018,balanced,8196,l1,,
0.036,0.002,0.0,0.0,0.185,balanced,7982,elasticnet,,
0.035,0.002,0.0,0.0,5.944,,7410,l1,,
0.039,0.004,0.0,0.0,40.32,balanced,5643,l1,,
0.037,0.001,0.0,0.0,70.71,,5193,elasticnet,,
0.038,0.001,0.0,0.0,0.476,,5059,elasticnet,,
0.037,0.0,0.0,0.0,0.686,balanced,5823,l1,,
0.038,0.001,0.0,0.0,83.568,balanced,6582,l1,,
0.037,0.001,0.0,0.0,0.055,,5809,elasticnet,,
0.035,0.002,0.0,0.0,3.774,balanced,7474,elasticnet,,
0.04,0.003,0.0,0.0,0.012,,8604,l1,,
0.037,0.001,0.0,0.0,0.005,,6590,l1,,
0.038,0.001,0.0,0.0,48.93,balanced,7452,elasticnet,,
0.037,0.002,0.0,0.0,0.046,,7615,elasticnet,,
0.037,0.001,0.0,0.0,87.229,balanced,8975,elasticnet,,
0.037,0.001,0.0,0.0,0.171,balanced,5051,elasticnet,,
0.037,0.001,0.0,0.0,0.012,balanced,7034,l1,,
0.039,0.001,0.0,0.0,0.034,,9931,l1,,
0.037,0.002,0.0,0.0,0.001,,7000,l1,,
0.038,0.002,0.0,0.0,1.833,,9073,elasticnet,,
0.037,0.002,0.0,0.0,0.0,balanced,5919,l1,,
0.037,0.002,0.0,0.0,29.443,balanced,9827,l1,,
0.038,0.001,0.0,0.0,4.568,,9205,elasticnet,,
0.037,0.0,0.0,0.0,0.0,balanced,5196,l1,,
0.036,0.001,0.0,0.0,0.087,,6922,l1,,
0.034,0.001,0.0,0.0,0.001,balanced,8422,elasticnet,,
0.034,0.001,0.0,0.0,0.012,,6474,elasticnet,,
0.034,0.001,0.0,0.0,0.093,balanced,5183,elasticnet,,
0.039,0.001,0.0,0.0,22.371,,8038,l1,,
0.036,0.003,0.0,0.0,0.328,balanced,7929,l1,,
0.039,0.003,0.0,0.0,0.002,,8888,l1,,
0.038,0.006,0.0,0.0,0.976,balanced,7880,elasticnet,,
0.037,0.001,0.0,0.0,0.023,,5475,l1,,
0.037,0.003,0.0,0.0,61.426,balanced,5018,elasticnet,,
0.038,0.001,0.0,0.0,0.59,balanced,7018,elasticnet,,
0.038,0.002,0.0,0.0,0.141,,8422,l1,,
0.035,0.001,0.0,0.0,0.0,,8344,elasticnet,,
0.036,0.001,0.0,0.0,0.766,balanced,5552,elasticnet,,
0.035,0.001,0.0,0.0,0.0,balanced,9282,l1,,
0.037,0.002,0.0,0.0,0.023,balanced,8961,elasticnet,,
0.038,0.001,0.0,0.0,0.002,,7725,l1,,
0.037,0.001,0.0,0.0,3.147,balanced,5848,elasticnet,,
0.037,0.001,0.0,0.0,0.021,balanced,9962,l1,,
0.038,0.001,0.0,0.0,0.0,balanced,7118,elasticnet,,
0.036,0.003,0.0,0.0,0.132,balanced,8882,l1,,
0.041,0.005,0.0,0.0,5.402,balanced,5938,l1,,
0.035,0.002,0.0,0.0,4.047,,9658,elasticnet,,
0.039,0.004,0.0,0.0,0.001,balanced,8809,elasticnet,,
0.036,0.002,0.0,0.0,0.0,,6618,l1,,
0.034,0.001,0.0,0.0,2.123,balanced,8268,elasticnet,,
0.035,0.001,0.0,0.0,19.06,balanced,7717,l1,,
0.034,0.001,0.0,0.0,0.0,balanced,9623,l1,,
0.035,0.0,0.0,0.0,0.025,balanced,8030,elasticnet,,
0.034,0.001,0.0,0.0,0.017,balanced,9361,l1,,
0.035,0.001,0.0,0.0,0.002,,5541,elasticnet,,
0.041,0.004,0.0,0.0,0.001,,8590,l1,,
0.037,0.004,0.0,0.0,0.365,,7888,l1,,
0.037,0.002,0.0,0.0,0.004,balanced,7821,elasticnet,,
0.037,0.002,0.0,0.0,0.027,,6845,elasticnet,,
0.037,0.001,0.0,0.0,0.046,balanced,6798,l1,,
0.035,0.001,0.0,0.0,0.412,balanced,9548,elasticnet,,
0.035,0.001,0.0,0.0,0.0,,9738,elasticnet,,
0.037,0.002,0.0,0.0,0.866,,6432,l1,,
0.038,0.003,0.0,0.0,0.002,balanced,5112,l1,,
0.038,0.003,0.0,0.0,1.345,balanced,6555,elasticnet,,
0.039,0.002,0.0,0.0,0.192,,8464,elasticnet,,
0.038,0.001,0.0,0.0,0.004,,7992,elasticnet,,
0.039,0.002,0.0,0.0,0.026,,5246,l1,,
0.035,0.002,0.0,0.0,94.311,balanced,8496,elasticnet,,
0.034,0.001,0.0,0.0,0.0,balanced,8920,l1,,
0.036,0.002,0.0,0.0,0.056,,7811,elasticnet,,
0.037,0.001,0.0,0.0,0.005,balanced,5308,elasticnet,,
0.034,0.001,0.0,0.0,0.044,balanced,9257,elasticnet,,
0.037,0.002,0.0,0.0,0.003,balanced,9658,l1,,
0.039,0.002,0.0,0.0,0.15,balanced,8452,l1,,
0.037,0.001,0.0,0.0,0.073,,6125,elasticnet,,
0.037,0.003,0.0,0.0,0.0,,5785,l1,,
0.036,0.002,0.0,0.0,8.749,balanced,6166,elasticnet,,
0.04,0.004,0.0,0.0,7.999,balanced,8956,elasticnet,,
0.035,0.002,0.0,0.0,0.474,balanced,6018,l1,,
0.05,0.01,0.0,0.0,13.306,balanced,8073,elasticnet,,
0.039,0.002,0.0,0.0,0.0,balanced,9882,l1,,
0.042,0.004,0.0,0.0,0.0,balanced,7560,elasticnet,,
0.04,0.005,0.0,0.0,51.336,,7186,elasticnet,,
0.036,0.001,0.0,0.0,0.008,balanced,8236,elasticnet,,
0.038,0.002,0.0,0.0,1.046,balanced,8797,elasticnet,,
0.039,0.007,0.0,0.0,1.386,balanced,8988,l1,,
0.037,0.001,0.0,0.0,0.0,balanced,5281,l1,,
0.039,0.002,0.0,0.0,63.806,balanced,9651,elasticnet,,
0.036,0.001,0.0,0.0,0.068,balanced,6289,elasticnet,,
0.037,0.001,0.0,0.0,3.087,,5811,l1,,
0.035,0.002,0.0,0.0,48.517,,5608,l1,,
0.039,0.001,0.0,0.0,0.054,,7002,elasticnet,,
0.04,0.003,0.0,0.0,13.048,,5282,elasticnet,,
0.037,0.003,0.0,0.0,0.01,balanced,6006,elasticnet,,
0.038,0.001,0.0,0.0,0.0,balanced,9553,elasticnet,,
0.037,0.001,0.0,0.0,0.079,balanced,8069,elasticnet,,
0.038,0.001,0.0,0.0,0.045,balanced,6736,elasticnet,,
0.04,0.004,0.0,0.0,0.068,,9845,elasticnet,,
0.038,0.001,0.0,0.0,0.259,,6996,elasticnet,,
0.038,0.001,0.0,0.0,20.35,balanced,7858,l1,,
0.036,0.002,0.0,0.0,81.767,,9802,elasticnet,,
0.036,0.003,0.0,0.0,0.383,balanced,6515,elasticnet,,
0.038,0.002,0.0,0.0,0.001,balanced,5077,elasticnet,,
0.038,0.001,0.0,0.0,40.017,balanced,7765,elasticnet,,
0.037,0.003,0.0,0.0,0.013,,5167,l1,,
0.037,0.002,0.0,0.0,1.774,,7588,l1,,
0.039,0.002,0.0,0.0,0.064,,6004,elasticnet,,
0.037,0.001,0.0,0.0,1.431,balanced,7704,elasticnet,,
0.038,0.002,0.0,0.0,0.501,balanced,5352,l1,,
0.038,0.001,0.0,0.0,49.592,,7410,elasticnet,,
0.041,0.005,0.0,0.0,0.001,balanced,8749,elasticnet,,
0.037,0.001,0.0,0.0,0.759,,9741,elasticnet,,
0.037,0.001,0.0,0.0,0.012,balanced,6799,l1,,
0.039,0.003,0.0,0.0,0.002,,7730,elasticnet,,
0.037,0.001,0.0,0.0,1.199,,5950,l1,,
0.038,0.001,0.0,0.0,0.033,balanced,6832,l1,,
0.037,0.001,0.0,0.0,0.001,balanced,8655,l1,,
0.041,0.004,0.0,0.0,0.031,,5008,elasticnet,,
0.038,0.002,0.0,0.0,0.0,balanced,8060,l1,,
0.039,0.002,0.0,0.0,9.054,balanced,6275,l1,,
0.04,0.003,0.0,0.0,4.362,balanced,9077,elasticnet,,
0.037,0.003,0.0,0.0,0.0,balanced,9989,l1,,
0.039,0.007,0.0,0.0,0.108,balanced,5392,l1,,
0.039,0.003,0.0,0.0,2.677,balanced,9916,elasticnet,,
0.037,0.001,0.0,0.0,0.013,,8209,elasticnet,,
0.036,0.002,0.0,0.0,0.04,balanced,7040,l1,,
0.035,0.001,0.0,0.0,0.02,balanced,6437,elasticnet,,
0.034,0.001,0.0,0.0,0.003,balanced,5166,elasticnet,,
0.037,0.001,0.0,0.0,2.833,balanced,9138,elasticnet,,
0.039,0.002,0.0,0.0,0.061,,9856,l1,,
0.046,0.018,0.0,0.0,20.051,,8635,l1,,
0.038,0.001,0.0,0.0,0.0,,5491,l1,,
0.044,0.005,0.0,0.0,4.417,balanced,8422,l1,,
0.039,0.004,0.0,0.0,1.463,,9773,l1,,
0.036,0.001,0.0,0.0,0.03,,8318,elasticnet,,
0.038,0.002,0.0,0.0,7.582,,9065,l1,,
0.038,0.001,0.0,0.0,0.024,balanced,6496,l1,,
0.037,0.001,0.0,0.0,0.003,,5310,elasticnet,,
0.038,0.001,0.0,0.0,0.001,balanced,6088,l1,,
0.039,0.004,0.0,0.0,3.193,balanced,5374,elasticnet,,
0.038,0.001,0.0,0.0,0.016,,8016,l1,,
0.036,0.002,0.0,0.0,0.0,,6492,l1,,
0.035,0.001,0.0,0.0,0.054,balanced,9077,elasticnet,,
0.037,0.001,0.0,0.0,4.686,balanced,5644,l1,,
0.035,0.001,0.0,0.0,69.678,,5023,elasticnet,,
0.034,0.001,0.0,0.0,7.502,balanced,5048,l1,,
0.034,0.001,0.0,0.0,0.0,balanced,6494,l1,,
0.034,0.001,0.0,0.0,0.013,,9989,l1,,
0.034,0.001,0.0,0.0,0.072,balanced,5968,elasticnet,,
0.034,0.001,0.0,0.0,1.41,,5327,l1,,
0.034,0.001,0.0,0.0,1.939,,5219,l1,,
0.035,0.002,0.0,0.0,0.031,balanced,7470,elasticnet,,
0.034,0.001,0.0,0.0,0.028,balanced,7524,elasticnet,,
0.035,0.001,0.0,0.0,12.581,,8959,l1,,
0.033,0.001,0.0,0.0,0.022,balanced,8285,l1,,
0.037,0.001,0.0,0.0,0.001,balanced,5943,elasticnet,,
0.037,0.001,0.0,0.0,0.002,,9747,elasticnet,,
0.037,0.001,0.0,0.0,0.003,balanced,5536,l1,,
0.037,0.001,0.0,0.0,0.006,balanced,8878,elasticnet,,
0.05,0.014,0.0,0.0,1.532,balanced,6426,l1,,
0.036,0.001,0.0,0.0,6.365,,8599,elasticnet,,
0.037,0.001,0.0,0.0,0.303,,7485,l1,,
0.037,0.001,0.0,0.0,1.476,,6521,l1,,
0.037,0.001,0.0,0.0,0.0,balanced,9075,elasticnet,,
0.037,0.001,0.0,0.0,0.1,balanced,5212,elasticnet,,
0.042,0.005,0.0,0.0,2.003,,7335,l1,,
0.038,0.004,0.0,0.0,77.067,balanced,6805,l1,,
0.038,0.004,0.0,0.0,0.0,,8224,l1,,
0.039,0.004,0.0,0.0,0.026,balanced,6720,l1,,
0.038,0.001,0.0,0.0,0.326,balanced,5616,elasticnet,,
0.038,0.002,0.0,0.0,1.827,,7783,elasticnet,,
0.042,0.005,0.0,0.0,0.069,balanced,5634,elasticnet,,
0.039,0.002,0.0,0.0,0.0,,6273,l1,,
0.037,0.001,0.0,0.0,0.0,,9319,l1,,
0.047,0.017,0.0,0.0,0.126,balanced,5945,l1,,
0.038,0.001,0.0,0.0,93.321,balanced,7252,elasticnet,,
0.037,0.001,0.0,0.0,0.003,,8792,l1,,
0.04,0.006,0.0,0.0,0.0,,9524,l1,,
0.038,0.001,0.0,0.0,10.959,balanced,8428,elasticnet,,
0.038,0.001,0.0,0.0,0.001,,5054,elasticnet,,
0.04,0.003,0.0,0.0,0.121,balanced,7375,elasticnet,,
0.037,0.001,0.0,0.0,0.08,,5459,l1,,
0.037,0.001,0.0,0.0,6.725,balanced,9976,l1,,
0.037,0.001,0.0,0.0,0.002,,7976,elasticnet,,
0.038,0.001,0.0,0.0,0.006,balanced,5687,l1,,
0.038,0.001,0.0,0.0,0.001,balanced,7398,l1,,
0.036,0.001,0.0,0.0,0.252,,9859,l1,,
0.039,0.003,0.0,0.0,7.033,balanced,5338,elasticnet,,
0.038,0.001,0.0,0.0,0.274,balanced,9624,elasticnet,,
0.038,0.001,0.0,0.0,0.224,balanced,6271,elasticnet,,
0.036,0.001,0.0,0.0,0.053,,9723,l1,,
0.036,0.002,0.0,0.0,0.0,balanced,7334,elasticnet,,
0.036,0.002,0.0,0.0,0.0,balanced,9861,elasticnet,,
0.038,0.001,0.0,0.0,0.006,balanced,8477,l1,,
0.039,0.001,0.0,0.0,0.218,balanced,6781,l1,,
0.04,0.005,0.0,0.0,8.597,balanced,6521,elasticnet,,
0.037,0.001,0.0,0.0,0.0,,5862,l1,,
0.04,0.003,0.0,0.0,2.135,balanced,8472,l1,,
0.036,0.001,0.0,0.0,0.031,balanced,8048,elasticnet,,
0.039,0.005,0.0,0.0,4.844,balanced,5723,elasticnet,,
0.037,0.001,0.0,0.0,7.304,,5728,l1,,
0.038,0.001,0.0,0.0,0.001,balanced,7179,l1,,
0.04,0.004,0.0,0.0,0.0,,8389,elasticnet,,
0.04,0.005,0.0,0.0,0.001,balanced,6165,l1,,
0.041,0.007,0.0,0.0,0.046,,9002,elasticnet,,
0.037,0.001,0.0,0.0,0.973,,5054,elasticnet,,
0.04,0.005,0.0,0.0,0.148,,5798,l1,,
0.037,0.001,0.0,0.0,0.0,balanced,5038,l1,,
0.037,0.001,0.0,0.0,0.005,balanced,6821,l1,,
0.038,0.001,0.0,0.0,1.445,balanced,5903,l1,,
0.037,0.003,0.0,0.0,41.007,,5848,l1,,
0.037,0.003,0.0,0.0,1.264,balanced,6618,l1,,
0.037,0.002,0.0,0.0,1.666,,5752,elasticnet,,
0.041,0.006,0.0,0.0,0.377,balanced,9312,l1,,
0.037,0.003,0.0,0.0,0.359,,8707,elasticnet,,
0.042,0.004,0.0,0.0,8.891,balanced,6038,elasticnet,,
0.041,0.001,0.0,0.0,0.0,,6740,l1,,
0.036,0.003,0.0,0.0,10.889,,6678,l1,,
0.041,0.004,0.0,0.0,0.005,balanced,6988,elasticnet,,
0.038,0.003,0.0,0.0,0.739,balanced,5726,elasticnet,,
0.035,0.002,0.0,0.0,0.003,,5431,l1,,
0.036,0.001,0.0,0.0,0.004,balanced,8702,l1,,
0.038,0.002,0.0,0.0,0.23,,9563,l1,,
0.039,0.002,0.0,0.0,0.012,,9641,l1,,
0.039,0.003,0.0,0.0,0.0,balanced,5505,l1,,
0.039,0.002,0.0,0.0,0.0,,9427,elasticnet,,
0.037,0.001,0.0,0.0,12.886,balanced,5676,elasticnet,,
0.044,0.008,0.0,0.0,0.001,,8010,l1,,
0.036,0.001,0.0,0.0,0.002,balanced,7754,l1,,
0.033,0.001,0.0,0.0,0.0,balanced,7905,l1,,
0.052,0.014,0.0,0.0,0.005,,7379,l1,,
0.037,0.0,0.0,0.0,0.211,balanced,5763,l1,,
0.043,0.005,0.0,0.0,0.443,balanced,6495,elasticnet,,
0.04,0.005,0.0,0.0,0.347,balanced,7713,elasticnet,,
0.04,0.002,0.0,0.0,56.184,,5918,elasticnet,,
0.037,0.002,0.0,0.0,0.023,,5115,l1,,
0.037,0.001,0.0,0.0,0.92,,6872,elasticnet,,
0.038,0.001,0.0,0.0,0.001,,5004,l1,,
0.038,0.001,0.0,0.0,0.311,,6861,l1,,
0.037,0.002,0.0,0.0,0.054,,6890,elasticnet,,
0.037,0.001,0.0,0.0,0.001,,9174,elasticnet,,
0.036,0.001,0.0,0.0,3.658,balanced,6676,elasticnet,,
0.035,0.002,0.0,0.0,23.475,balanced,5540,elasticnet,,
0.036,0.002,0.0,0.0,48.411,balanced,9184,l1,,
0.038,0.001,0.0,0.0,94.858,,5480,elasticnet,,
0.039,0.002,0.0,0.0,2.548,balanced,9150,elasticnet,,
0.038,0.001,0.0,0.0,0.0,,9568,l1,,
0.04,0.002,0.0,0.0,26.126,balanced,9562,elasticnet,,
0.037,0.002,0.0,0.0,0.011,,5219,l1,,
0.039,0.005,0.0,0.0,0.023,,8618,l1,,
0.037,0.001,0.0,0.0,0.11,,6194,l1,,
0.037,0.001,0.0,0.0,29.504,balanced,9816,l1,,
0.037,0.002,0.0,0.0,0.011,balanced,8661,l1,,
0.039,0.007,0.0,0.0,0.001,balanced,7533,l1,,
0.039,0.004,0.0,0.0,2.287,balanced,9686,l1,,
