mean_fit_time,std_fit_time,mean_score_time,std_score_time,learning_rate,max_depth,n_estimators,reg_alpha,reg_lambda,mean_test_score,std_test_score
5.14,1.793,0.218,0.089,0.256,3,1872,0.054,0.001,0.121,0.03
4.573,0.078,0.188,0.013,0.283,3,1964,0.892,0.001,0.11,0.018
3.059,0.054,0.103,0.007,0.228,2,1738,0.003,0.0,0.107,0.044
3.462,0.06,0.116,0.008,0.284,2,1952,0.001,0.012,0.106,0.038
3.319,0.058,0.109,0.008,0.3,2,1851,0.287,0.007,0.106,0.043
2.573,0.042,0.088,0.006,0.259,2,1447,0.002,0.011,0.105,0.042
3.871,0.055,0.179,0.012,0.231,3,1826,0.0,5.868,0.105,0.042
2.786,0.051,0.094,0.006,0.234,2,1567,0.243,0.003,0.105,0.036
7.21,0.084,0.572,0.033,0.29,8,1674,0.004,0.0,0.104,0.045
1.896,0.022,0.067,0.004,0.265,2,1054,0.009,0.877,0.104,0.036
3.87,0.054,0.164,0.011,0.215,3,1705,0.873,0.001,0.103,0.03
2.901,0.019,0.097,0.006,0.251,2,1625,0.004,0.003,0.103,0.043
3.246,0.046,0.11,0.007,0.205,2,1845,0.047,0.098,0.102,0.044
1.973,0.035,0.068,0.004,0.303,2,1095,0.0,0.023,0.102,0.043
4.133,0.063,0.313,0.02,0.291,8,920,0.0,0.011,0.102,0.038
2.411,0.852,0.108,0.04,0.243,3,883,0.3,0.004,0.102,0.047
2.395,0.041,0.121,0.008,0.241,4,905,0.452,5.868,0.102,0.026
1.805,0.025,0.064,0.004,0.254,2,1013,0.02,0.0,0.1,0.034
3.93,1.324,0.135,0.055,0.287,2,1833,0.0,0.625,0.1,0.042
4.92,1.647,0.217,0.085,0.305,3,1885,0.001,6.536,0.1,0.018
4.132,0.068,0.21,0.015,0.209,4,1578,0.215,9.057,0.1,0.016
3.468,0.029,0.159,0.01,0.171,3,1658,0.006,5.825,0.1,0.035
6.966,2.297,0.564,0.175,0.266,9,1223,0.001,0.354,0.099,0.046
3.807,1.239,0.206,0.076,0.119,4,1078,0.0,6.801,0.099,0.032
3.48,1.179,0.151,0.061,0.252,3,1284,0.578,0.002,0.098,0.032
2.671,0.036,0.117,0.007,0.233,3,1211,0.04,0.101,0.098,0.029
3.485,0.051,0.152,0.009,0.127,3,1576,1.426,0.195,0.098,0.044
3.389,0.05,0.178,0.013,0.191,4,1311,0.008,5.016,0.098,0.029
2.444,0.186,0.08,0.005,0.238,2,1338,0.002,0.003,0.098,0.043
3.986,1.413,0.132,0.038,0.154,2,1868,0.0,0.0,0.098,0.042
1.834,0.024,0.064,0.004,0.269,2,1015,0.003,0.0,0.098,0.033
2.941,0.049,0.1,0.007,0.229,2,1671,0.272,0.001,0.098,0.043
2.978,1.019,0.106,0.046,0.215,2,1398,0.001,0.001,0.097,0.046
5.859,2.033,0.231,0.088,0.157,3,1997,0.001,6.738,0.097,0.032
6.189,2.097,0.294,0.102,0.284,4,1850,0.141,1.56,0.097,0.015
1.925,0.645,0.075,0.029,0.278,2,757,0.007,0.139,0.097,0.037
2.211,0.029,0.076,0.004,0.183,2,1260,0.0,0.016,0.097,0.034
3.826,0.065,0.165,0.01,0.221,3,1716,0.284,2.208,0.097,0.03
3.071,0.05,0.106,0.008,0.167,2,1770,0.038,0.595,0.096,0.036
2.726,0.961,0.125,0.043,0.258,3,878,0.108,2.856,0.096,0.047
4.908,1.832,0.21,0.071,0.298,3,1804,0.0,0.192,0.096,0.004
4.655,1.639,0.161,0.063,0.19,2,1879,0.542,0.098,0.096,0.046
4.108,0.06,0.176,0.01,0.197,3,1848,1.792,0.522,0.095,0.024
2.432,0.047,0.126,0.007,0.198,4,945,0.007,4.563,0.095,0.026
3.967,1.29,0.165,0.052,0.262,3,1450,2.019,0.011,0.095,0.02
2.171,0.024,0.1,0.006,0.184,3,966,0.311,0.001,0.095,0.043
2.369,0.798,0.086,0.037,0.249,2,1109,0.003,0.007,0.095,0.04
4.67,0.062,0.229,0.017,0.272,4,1706,0.036,0.032,0.095,0.018
3.33,0.053,0.142,0.009,0.174,3,1472,0.009,0.0,0.095,0.041
7.062,2.289,0.438,0.169,0.189,5,1637,0.0,11.367,0.094,0.013
2.479,0.042,0.113,0.008,0.147,3,1186,0.084,2.454,0.093,0.039
3.825,0.064,0.168,0.011,0.237,3,1783,0.007,3.836,0.093,0.025
3.122,0.047,0.16,0.011,0.239,4,1192,0.005,5.91,0.093,0.02
4.124,1.271,0.141,0.057,0.242,2,1906,3.934,0.176,0.093,0.038
2.651,0.033,0.091,0.006,0.155,2,1511,0.02,0.1,0.093,0.035
2.579,0.945,0.094,0.04,0.21,2,1011,0.004,0.048,0.093,0.04
3.766,0.055,0.167,0.01,0.154,3,1753,0.014,0.0,0.093,0.036
5.584,0.054,0.281,0.022,0.272,4,1990,0.834,9.178,0.093,0.01
5.511,1.94,0.268,0.077,0.267,4,1683,0.006,0.118,0.093,0.021
5.651,1.88,0.186,0.009,0.248,3,1932,0.0,0.0,0.093,0.016
1.755,0.637,0.067,0.031,0.196,2,796,0.001,0.059,0.093,0.025
1.221,0.019,0.046,0.003,0.211,2,664,0.004,0.003,0.092,0.026
2.212,0.713,0.08,0.026,0.182,2,1028,0.001,0.001,0.092,0.03
3.847,1.308,0.158,0.046,0.259,3,1398,0.511,0.001,0.092,0.027
2.976,0.949,0.159,0.065,0.126,4,982,0.002,7.433,0.091,0.025
1.68,0.608,0.079,0.029,0.234,3,512,1.652,5.976,0.091,0.044
5.12,0.063,0.258,0.02,0.103,4,1925,0.568,0.922,0.091,0.017
3.394,0.031,0.167,0.011,0.181,4,1241,1.127,0.703,0.091,0.02
1.747,0.031,0.08,0.005,0.205,3,806,0.006,0.66,0.091,0.042
6.011,2.082,0.313,0.12,0.151,4,1640,0.0,3.062,0.091,0.031
6.18,0.082,0.37,0.026,0.272,5,1974,0.001,0.002,0.091,0.013
3.083,0.048,0.146,0.009,0.254,4,1091,0.23,0.055,0.091,0.023
5.475,1.871,0.26,0.084,0.293,4,1617,0.173,1.219,0.09,0.014
7.081,2.445,0.552,0.147,0.27,8,1370,0.0,0.048,0.09,0.019
1.53,0.027,0.055,0.003,0.181,2,850,0.001,0.0,0.09,0.026
4.508,0.062,0.223,0.017,0.307,4,1661,0.0,0.078,0.09,0.017
4.47,0.048,0.22,0.016,0.229,4,1622,0.006,0.0,0.09,0.013
3.798,0.087,0.298,0.019,0.303,9,788,0.0,0.072,0.09,0.047
2.881,0.031,0.124,0.01,0.185,3,1302,0.266,0.0,0.09,0.044
4.82,1.61,0.218,0.068,0.19,3,1921,0.087,8.757,0.09,0.027
5.119,1.709,0.254,0.082,0.203,4,1575,1.366,5.846,0.09,0.015
4.227,1.483,0.148,0.065,0.136,2,1685,1.002,0.201,0.09,0.035
1.485,0.03,0.053,0.003,0.212,2,826,0.001,0.099,0.09,0.031
2.367,0.034,0.117,0.008,0.149,4,882,0.474,0.03,0.089,0.031
2.847,0.056,0.12,0.01,0.309,3,1240,0.144,0.0,0.089,0.018
2.207,0.024,0.1,0.007,0.129,3,1053,0.014,0.105,0.089,0.045
4.264,0.064,0.216,0.016,0.275,4,1621,0.007,7.577,0.089,0.01
3.303,0.055,0.15,0.009,0.111,3,1558,0.019,0.001,0.089,0.047
3.562,0.026,0.181,0.013,0.153,4,1346,0.279,1.67,0.089,0.028
2.955,0.045,0.101,0.005,0.131,2,1696,0.946,0.131,0.089,0.04
4.259,0.064,0.178,0.013,0.272,3,1881,0.207,0.49,0.089,0.02
6.297,2.012,0.295,0.115,0.22,4,1802,0.001,0.0,0.089,0.021
4.22,1.255,0.236,0.075,0.247,4,1247,0.0,23.232,0.089,0.018
1.514,0.549,0.058,0.022,0.263,2,678,0.102,0.016,0.089,0.035
5.134,1.692,0.321,0.134,0.305,8,831,0.289,1.377,0.088,0.038
2.627,0.855,0.134,0.057,0.27,4,808,0.0,0.022,0.088,0.025
5.801,1.986,0.287,0.098,0.153,4,1763,0.708,1.245,0.088,0.02
3.278,1.169,0.161,0.06,0.261,4,872,0.135,11.081,0.088,0.018
4.45,0.062,0.221,0.015,0.144,4,1612,0.474,0.029,0.088,0.021
1.882,0.016,0.083,0.006,0.299,3,838,0.0,0.002,0.088,0.032
2.828,0.038,0.13,0.008,0.086,3,1385,0.002,2.462,0.088,0.055
1.241,0.021,0.047,0.003,0.273,2,670,0.025,0.0,0.088,0.046
5.1,1.748,0.249,0.082,0.284,4,1569,0.002,1.164,0.087,0.009
1.456,0.027,0.067,0.004,0.27,3,652,0.01,0.976,0.087,0.046
2.295,0.024,0.102,0.007,0.221,3,1053,0.001,0.055,0.087,0.038
2.267,0.036,0.079,0.005,0.131,2,1303,0.003,0.058,0.087,0.025
3.122,0.053,0.101,0.007,0.266,2,1667,5.54,0.598,0.087,0.045
1.319,0.03,0.061,0.003,0.283,3,588,0.001,0.003,0.087,0.061
5.289,1.805,0.233,0.073,0.264,3,1732,3.799,17.96,0.087,0.016
2.389,0.028,0.108,0.008,0.113,3,1141,0.008,0.194,0.087,0.055
4.897,0.046,0.242,0.016,0.274,4,1754,0.024,0.006,0.087,0.01
6.221,2.292,0.26,0.083,0.294,4,1707,1.187,1.346,0.087,0.013
3.986,0.056,0.213,0.013,0.043,4,1583,0.0,3.193,0.086,0.039
2.298,0.028,0.102,0.006,0.238,3,1043,0.009,0.337,0.086,0.019
3.253,1.107,0.168,0.029,0.276,5,820,0.001,0.483,0.086,0.011
3.375,1.118,0.153,0.059,0.241,3,1298,0.04,2.929,0.086,0.035
6.014,1.915,0.317,0.116,0.269,4,1905,0.003,58.104,0.086,0.01
3.381,0.17,0.111,0.007,0.139,2,1839,1.665,0.001,0.086,0.041
1.585,0.022,0.073,0.005,0.166,3,723,0.001,4.894,0.086,0.049
2.959,0.041,0.136,0.009,0.083,3,1405,0.152,0.033,0.086,0.046
3.679,0.033,0.206,0.014,0.266,5,1102,0.194,5.533,0.086,0.022
5.931,1.986,0.298,0.088,0.152,4,1823,0.001,0.0,0.085,0.016
5.204,0.182,0.296,0.018,0.256,5,1588,0.0,0.0,0.085,0.009
2.833,0.944,0.142,0.058,0.189,4,865,1.032,0.004,0.085,0.02
1.663,0.556,0.061,0.023,0.185,2,742,0.0,0.0,0.085,0.028
3.614,1.252,0.177,0.06,0.219,4,1085,0.197,0.003,0.085,0.017
2.363,0.049,0.104,0.007,0.139,3,1087,0.595,0.034,0.085,0.06
3.849,1.367,0.198,0.078,0.2,4,1025,0.043,0.001,0.085,0.018
1.967,0.034,0.089,0.006,0.205,3,915,0.005,1.848,0.085,0.03
4.458,0.073,0.259,0.018,0.261,5,1379,0.001,0.733,0.085,0.016
2.292,0.041,0.126,0.008,0.284,5,698,0.0,0.041,0.085,0.017
5.58,0.083,0.393,0.028,0.296,7,1320,0.012,0.425,0.085,0.02
1.234,0.061,0.045,0.003,0.257,2,649,0.0,0.071,0.085,0.036
6.731,2.324,0.4,0.105,0.186,5,1781,0.005,9.301,0.085,0.014
2.038,0.678,0.069,0.02,0.27,2,912,3.646,0.0,0.085,0.043
2.081,0.708,0.075,0.031,0.173,2,957,0.142,0.0,0.084,0.032
4.895,0.096,0.302,0.017,0.125,5,1556,0.039,9.772,0.084,0.019
2.812,0.109,0.101,0.005,0.269,9,1152,3.784,0.017,0.084,0.023
4.902,0.08,0.247,0.016,0.24,4,1824,0.0,0.131,0.084,0.01
5.502,0.082,0.327,0.024,0.184,5,1721,0.004,0.0,0.084,0.015
5.033,0.058,0.295,0.021,0.186,5,1561,0.002,38.402,0.084,0.023
3.636,1.246,0.192,0.077,0.192,4,1179,0.061,34.104,0.084,0.015
5.066,0.089,0.246,0.017,0.304,4,1821,0.035,0.001,0.084,0.013
4.405,0.097,0.313,0.018,0.266,7,1090,0.001,0.017,0.084,0.022
4.823,1.578,0.227,0.096,0.075,3,1900,0.101,0.006,0.083,0.054
3.22,0.029,0.167,0.011,0.095,4,1262,0.001,0.006,0.083,0.024
4.591,0.063,0.246,0.019,0.097,4,1840,0.014,8.506,0.083,0.026
3.633,1.203,0.284,0.092,0.295,9,612,0.0,0.0,0.083,0.026
5.952,2.125,0.3,0.117,0.25,4,1543,0.031,0.155,0.083,0.01
2.529,0.129,0.118,0.012,0.226,9,561,2.385,0.0,0.083,0.021
3.101,0.054,0.179,0.012,0.195,5,965,0.042,15.196,0.083,0.027
3.71,1.287,0.207,0.074,0.298,5,931,0.0,0.007,0.083,0.01
1.327,0.019,0.063,0.003,0.133,3,591,0.01,0.057,0.083,0.046
5.358,1.777,0.27,0.107,0.164,4,1662,0.0,0.063,0.083,0.019
6.349,0.09,0.361,0.022,0.307,5,1910,0.037,22.462,0.083,0.013
10.85,3.702,0.805,0.279,0.247,7,1953,0.0,0.187,0.082,0.015
3.806,1.267,0.18,0.076,0.123,3,1518,0.224,21.539,0.082,0.044
1.001,0.025,0.039,0.002,0.218,2,533,0.16,0.0,0.082,0.023
3.603,0.053,0.157,0.011,0.208,3,1648,0.005,0.016,0.082,0.023
6.816,2.073,0.573,0.207,0.246,9,1230,0.004,0.0,0.082,0.021
3.131,1.131,0.149,0.062,0.093,3,1044,0.001,0.008,0.082,0.062
8.41,2.932,0.469,0.104,0.175,5,1901,0.0,4.869,0.082,0.021
4.71,1.546,0.265,0.112,0.089,5,1145,3.099,0.458,0.082,0.028
2.11,0.03,0.094,0.006,0.205,3,956,0.305,0.912,0.082,0.036
9.455,3.16,0.665,0.264,0.295,7,1910,0.025,0.02,0.082,0.018
3.142,0.03,0.154,0.01,0.198,4,1136,1.061,0.076,0.082,0.019
4.33,0.085,0.232,0.015,0.219,5,1253,0.222,0.121,0.081,0.021
2.544,0.048,0.112,0.008,0.171,3,1166,0.08,0.002,0.081,0.038
4.814,1.721,0.268,0.099,0.2,5,1021,0.681,25.417,0.081,0.014
2.896,0.051,0.122,0.007,0.246,3,1266,0.331,0.001,0.081,0.018
4.189,0.067,0.194,0.011,0.168,3,1999,0.027,73.249,0.081,0.038
2.712,0.041,0.089,0.004,0.21,2,1488,5.866,0.086,0.081,0.043
6.328,0.12,0.328,0.021,0.29,5,1899,0.204,0.381,0.081,0.021
6.628,0.238,0.409,0.018,0.231,7,1518,0.111,0.004,0.081,0.019
1.43,0.029,0.053,0.003,0.204,2,793,0.0,4.698,0.081,0.028
3.728,1.336,0.214,0.091,0.219,8,547,0.622,0.002,0.081,0.019
5.817,1.948,0.419,0.128,0.257,8,1043,0.024,0.001,0.081,0.024
3.654,0.048,0.184,0.011,0.218,4,1357,0.009,0.001,0.081,0.014
2.507,0.885,0.105,0.034,0.303,3,755,4.767,4.947,0.081,0.038
4.168,0.1,0.22,0.019,0.243,5,1192,0.976,1.762,0.08,0.025
3.262,0.047,0.16,0.011,0.297,4,1188,0.007,0.002,0.08,0.014
4.731,0.061,0.273,0.016,0.248,5,1484,0.0,0.0,0.08,0.011
5.405,1.789,0.315,0.124,0.147,5,1409,0.018,0.056,0.08,0.028
3.122,1.126,0.176,0.071,0.188,5,670,0.013,25.345,0.08,0.015
3.381,0.178,0.134,0.011,0.203,5,1629,2.868,0.014,0.08,0.022
5.49,1.647,0.279,0.105,0.28,7,1571,0.248,0.072,0.08,0.021
6.72,0.061,0.372,0.023,0.262,5,1988,0.074,0.115,0.08,0.011
6.702,0.075,0.444,0.029,0.232,6,1870,0.001,0.131,0.08,0.018
5.067,0.061,0.264,0.018,0.042,4,1953,1.682,0.022,0.08,0.018
3.087,0.968,0.183,0.071,0.255,5,695,0.0,15.408,0.08,0.014
9.083,3.209,0.726,0.202,0.175,8,1753,0.0,0.0,0.08,0.019
5.28,1.751,0.244,0.099,0.242,7,1635,0.466,0.009,0.08,0.029
2.226,0.043,0.096,0.009,0.292,6,780,2.506,0.012,0.08,0.012
1.413,0.02,0.052,0.003,0.166,2,771,0.529,0.104,0.079,0.027
4.713,1.513,0.308,0.117,0.275,7,885,0.05,0.002,0.079,0.025
4.691,0.039,0.232,0.015,0.118,4,1703,0.324,0.006,0.079,0.018
2.24,0.111,0.122,0.008,0.279,5,673,0.003,2.465,0.079,0.009
9.521,3.391,0.654,0.176,0.265,7,1971,0.009,0.057,0.079,0.025
2.728,0.046,0.19,0.011,0.295,8,557,0.001,0.096,0.079,0.016
3.239,1.007,0.161,0.065,0.297,4,981,0.002,0.161,0.079,0.015
3.745,0.036,0.182,0.014,0.267,4,1340,3.102,33.663,0.079,0.022
5.173,1.715,0.318,0.137,0.099,5,1396,0.009,14.467,0.079,0.021
6.087,2.119,0.316,0.115,0.121,4,1634,0.002,0.276,0.079,0.017
3.589,0.173,0.196,0.013,0.267,5,1050,0.123,7.608,0.079,0.018
4.557,0.699,0.262,0.018,0.27,6,1125,0.008,0.713,0.079,0.02
7.573,2.42,0.613,0.25,0.195,8,1484,0.0,0.037,0.079,0.015
5.579,0.097,0.442,0.025,0.179,8,1262,0.0,0.002,0.079,0.018
4.074,1.409,0.221,0.086,0.087,4,1146,0.025,25.6,0.079,0.044
2.017,0.677,0.09,0.035,0.288,3,738,2.73,2.664,0.079,0.025
2.88,0.044,0.129,0.008,0.28,3,1359,0.038,71.668,0.079,0.033
1.683,0.574,0.059,0.014,0.179,2,749,0.006,0.005,0.079,0.029
2.973,0.052,0.165,0.011,0.249,5,907,0.01,0.001,0.079,0.016
5.286,1.836,0.301,0.086,0.181,5,1363,0.0,0.476,0.079,0.019
3.341,0.051,0.192,0.012,0.239,5,1039,0.001,1.253,0.078,0.012
5.763,2.055,0.266,0.102,0.06,3,1984,0.07,0.638,0.078,0.055
4.553,1.552,0.175,0.078,0.162,5,1861,3.948,0.0,0.078,0.022
4.733,1.58,0.247,0.032,0.087,5,1270,0.005,7.251,0.078,0.035
5.31,1.726,0.325,0.112,0.025,5,1414,0.005,3.071,0.078,0.024
6.358,0.12,0.417,0.029,0.217,7,1172,0.001,59.472,0.078,0.024
7.128,2.624,0.403,0.13,0.263,8,1752,0.135,0.075,0.078,0.019
3.241,1.094,0.116,0.055,0.242,2,1508,1.078,34.198,0.078,0.038
2.824,0.051,0.108,0.013,0.15,4,1389,6.619,10.45,0.078,0.013
3.851,0.125,0.162,0.014,0.292,5,1633,0.885,0.0,0.078,0.02
2.505,0.052,0.114,0.008,0.07,3,1199,0.154,0.068,0.078,0.05
3.689,0.054,0.199,0.014,0.096,4,1498,0.006,3.295,0.078,0.029
2.328,0.034,0.082,0.006,0.098,2,1329,0.011,0.249,0.078,0.026
4.177,0.04,0.24,0.016,0.136,5,1300,0.011,0.048,0.078,0.017
5.745,2.17,0.257,0.103,0.275,5,1624,0.693,0.0,0.078,0.023
2.454,0.037,0.135,0.008,0.192,5,735,0.0,0.001,0.078,0.009
6.08,2.113,0.311,0.102,0.118,4,1925,0.001,0.054,0.078,0.016
2.867,0.065,0.172,0.012,0.296,6,737,0.001,2.287,0.077,0.017
4.433,1.54,0.235,0.1,0.297,5,1090,1.043,2.089,0.077,0.017
5.8,0.088,0.343,0.021,0.125,5,1809,0.001,0.0,0.077,0.02
6.451,2.261,0.358,0.13,0.214,5,1377,0.058,0.63,0.077,0.013
3.762,1.244,0.191,0.075,0.141,4,1175,0.004,0.0,0.077,0.024
4.711,1.52,0.214,0.08,0.104,3,1876,0.005,0.0,0.077,0.033
5.926,0.09,0.409,0.027,0.259,7,1401,0.032,0.001,0.077,0.018
10.473,3.534,0.789,0.27,0.267,7,1906,0.003,0.028,0.077,0.017
8.692,2.866,0.673,0.136,0.115,9,1516,0.0,0.046,0.077,0.014
6.479,0.124,0.502,0.027,0.25,8,1352,0.0,2.375,0.077,0.021
1.589,0.019,0.074,0.005,0.104,3,744,0.0,0.044,0.077,0.046
3.182,1.173,0.155,0.061,0.301,4,809,0.005,0.005,0.077,0.011
3.779,0.262,0.182,0.014,0.159,4,1360,0.077,0.384,0.077,0.017
8.727,3.097,0.658,0.224,0.289,9,1328,0.005,0.127,0.077,0.02
3.518,1.282,0.177,0.055,0.055,4,1098,1.515,0.004,0.077,0.034
4.809,0.05,0.333,0.023,0.262,7,1176,0.0,0.306,0.077,0.027
2.275,0.034,0.117,0.008,0.162,4,892,0.0,1.337,0.077,0.024
3.638,1.174,0.131,0.058,0.068,2,1752,0.01,0.0,0.077,0.025
4.377,1.471,0.241,0.077,0.268,5,1099,0.015,0.001,0.077,0.014
6.377,0.091,0.499,0.031,0.209,8,1425,0.0,0.383,0.076,0.015
8.671,3.022,0.68,0.235,0.291,8,1411,0.006,0.0,0.076,0.02
3.226,0.027,0.187,0.011,0.154,6,805,0.11,0.001,0.076,0.018
1.357,0.017,0.049,0.003,0.177,2,715,1.822,0.0,0.076,0.023
7.193,2.523,0.419,0.118,0.267,5,1893,0.0,0.001,0.076,0.016
4.635,1.45,0.308,0.123,0.182,7,850,0.039,0.289,0.076,0.017
5.365,0.107,0.34,0.025,0.109,6,1345,0.166,9.158,0.076,0.022
6.995,2.537,0.401,0.122,0.297,5,1783,0.008,0.329,0.076,0.013
2.983,0.042,0.193,0.012,0.259,7,676,0.0,0.442,0.076,0.014
10.46,3.272,0.61,0.139,0.276,9,1078,0.007,58.065,0.076,0.024
6.924,0.102,0.501,0.031,0.213,7,1622,0.041,0.003,0.076,0.011
2.802,0.04,0.142,0.008,0.112,4,1061,0.048,0.148,0.076,0.033
8.231,0.144,0.678,0.04,0.222,8,1923,0.002,0.086,0.076,0.021
6.086,0.088,0.48,0.029,0.249,8,1369,0.005,0.185,0.076,0.016
2.968,0.036,0.135,0.01,0.094,3,1420,0.215,0.007,0.076,0.029
4.376,1.583,0.185,0.071,0.221,7,1089,1.906,0.0,0.076,0.023
3.806,0.033,0.194,0.012,0.133,4,1443,0.062,0.04,0.076,0.017
11.341,0.734,0.705,0.031,0.112,8,1749,2.989,38.847,0.076,0.024
3.006,0.033,0.138,0.009,0.098,3,1451,0.001,0.011,0.076,0.03
8.242,0.115,0.721,0.045,0.262,9,1801,0.001,0.282,0.076,0.016
7.056,2.149,0.543,0.187,0.156,8,1305,0.014,0.006,0.076,0.018
5.702,1.873,0.342,0.14,0.093,5,1485,0.328,17.058,0.076,0.023
6.796,0.104,0.465,0.03,0.18,6,1831,0.004,1.185,0.076,0.014
7.585,0.129,0.582,0.037,0.129,7,1881,0.0,0.009,0.076,0.016
7.197,2.319,0.586,0.198,0.291,8,1395,0.0,0.003,0.076,0.02
7.25,2.444,0.415,0.151,0.162,5,1602,0.019,0.013,0.076,0.016
2.999,0.035,0.188,0.012,0.281,7,661,0.067,0.003,0.075,0.032
5.484,0.119,0.335,0.021,0.214,6,1420,0.058,0.041,0.075,0.016
8.941,2.819,0.585,0.164,0.227,7,1382,0.006,65.5,0.075,0.016
3.235,0.063,0.191,0.012,0.257,6,798,0.005,18.042,0.075,0.016
5.543,0.067,0.32,0.022,0.134,5,1671,0.112,0.007,0.075,0.016
5.414,0.087,0.322,0.021,0.113,5,1702,0.0,0.753,0.075,0.02
5.948,0.091,0.354,0.028,0.296,7,1039,0.7,31.71,0.075,0.017
3.778,1.346,0.192,0.078,0.211,4,981,0.003,0.0,0.075,0.014
7.263,2.504,0.417,0.116,0.285,5,1895,0.001,0.129,0.075,0.014
4.684,0.076,0.278,0.019,0.049,5,1449,0.655,6.401,0.075,0.023
5.139,0.052,0.306,0.025,0.114,5,1623,0.002,0.001,0.075,0.01
10.462,3.619,0.766,0.257,0.166,7,1887,0.0,0.13,0.075,0.02
3.649,0.16,0.131,0.013,0.152,6,1749,5.241,0.089,0.075,0.02
2.359,0.591,0.091,0.042,0.229,2,1164,0.0,36.637,0.075,0.039
4.669,1.588,0.274,0.085,0.272,6,958,0.001,14.838,0.075,0.024
2.987,0.06,0.092,0.007,0.257,4,1714,4.395,0.004,0.075,0.013
3.768,1.38,0.145,0.06,0.221,9,1001,5.84,0.078,0.075,0.029
2.919,0.963,0.175,0.065,0.264,6,614,0.018,0.044,0.075,0.015
10.185,2.54,0.669,0.103,0.172,7,1547,0.801,85.776,0.075,0.022
3.44,0.082,0.116,0.008,0.157,4,1797,4.692,0.024,0.075,0.016
5.245,1.797,0.253,0.094,0.139,7,1059,2.404,0.01,0.075,0.026
5.918,1.676,0.229,0.028,0.178,8,1828,0.625,0.004,0.075,0.024
5.551,0.092,0.436,0.025,0.255,9,1138,0.014,0.0,0.075,0.026
3.999,1.272,0.207,0.064,0.133,4,1257,0.002,0.002,0.075,0.016
5.216,1.684,0.278,0.111,0.256,5,1229,0.285,0.007,0.075,0.015
4.734,0.163,0.258,0.017,0.132,5,1430,1.233,0.028,0.075,0.015
2.375,0.029,0.135,0.009,0.191,6,580,0.178,0.002,0.074,0.019
11.372,3.909,0.722,0.216,0.082,7,1597,0.593,0.564,0.074,0.021
6.35,0.206,0.349,0.014,0.304,7,1518,0.544,6.705,0.074,0.019
11.074,3.022,0.922,0.271,0.136,9,1595,0.096,0.063,0.074,0.017
3.838,0.08,0.196,0.012,0.247,4,1438,0.03,56.443,0.074,0.009
10.981,3.792,0.841,0.301,0.129,8,1692,0.031,0.007,0.074,0.017
3.684,0.109,0.187,0.016,0.19,5,1200,3.608,18.552,0.074,0.021
3.456,0.116,0.146,0.012,0.128,3,1612,5.314,0.84,0.074,0.029
1.142,0.024,0.044,0.002,0.288,2,600,1.694,4.15,0.074,0.032
5.447,0.061,0.334,0.022,0.221,6,1433,0.031,0.546,0.074,0.017
6.4,0.07,0.484,0.032,0.139,8,1305,0.011,1.717,0.074,0.022
4.32,0.302,0.209,0.013,0.064,5,1582,5.233,0.018,0.074,0.016
8.487,3.048,0.601,0.157,0.296,8,1303,0.015,0.541,0.074,0.023
1.639,0.025,0.077,0.005,0.085,3,767,0.009,0.004,0.074,0.045
2.72,0.95,0.101,0.03,0.257,8,887,4.568,0.001,0.074,0.032
3.183,0.053,0.178,0.012,0.307,6,746,0.002,48.304,0.074,0.022
4.844,1.539,0.37,0.147,0.142,9,766,0.011,0.001,0.074,0.024
2.068,0.021,0.112,0.007,0.25,5,618,0.005,0.069,0.074,0.018
5.343,0.08,0.337,0.023,0.098,6,1418,0.025,0.016,0.074,0.024
1.768,0.025,0.101,0.008,0.182,5,541,0.003,0.548,0.074,0.021
4.72,0.386,0.252,0.037,0.147,9,1027,0.818,0.049,0.074,0.021
5.36,0.096,0.298,0.02,0.162,5,1624,0.102,0.0,0.074,0.006
5.758,0.179,0.371,0.021,0.278,7,1237,0.107,0.023,0.074,0.019
6.177,0.09,0.459,0.028,0.11,7,1449,0.004,0.001,0.074,0.017
4.179,1.193,0.211,0.056,0.215,8,745,1.666,1.907,0.074,0.019
5.873,2.091,0.441,0.161,0.207,8,898,0.016,0.015,0.074,0.023
4.25,0.07,0.25,0.017,0.169,5,1356,0.001,8.03,0.074,0.014
6.951,2.178,0.555,0.203,0.146,8,1295,0.0,0.001,0.074,0.016
2.208,0.099,0.111,0.012,0.282,5,635,1.989,0.0,0.073,0.017
3.801,0.044,0.218,0.016,0.093,5,1197,0.029,0.022,0.073,0.023
8.095,2.222,0.531,0.232,0.187,8,1805,0.15,0.234,0.073,0.016
4.162,0.074,0.24,0.015,0.3,5,1296,0.004,0.124,0.073,0.015
4.122,0.053,0.236,0.015,0.207,5,1266,0.006,0.002,0.073,0.016
2.21,0.579,0.082,0.026,0.091,2,1091,0.104,0.216,0.073,0.023
4.431,1.531,0.282,0.115,0.216,6,809,0.0,9.879,0.073,0.018
3.274,0.112,0.151,0.018,0.227,9,916,1.279,0.003,0.073,0.024
4.575,0.073,0.29,0.015,0.303,7,988,0.094,0.025,0.073,0.017
6.214,2.094,0.371,0.141,0.224,8,1463,0.196,0.001,0.073,0.017
3.438,1.18,0.163,0.071,0.097,3,1374,0.118,15.525,0.073,0.04
5.731,0.102,0.393,0.027,0.159,7,1373,0.023,0.0,0.073,0.017
4.614,1.535,0.267,0.082,0.268,5,1162,0.004,17.591,0.073,0.006
3.796,0.05,0.235,0.014,0.11,6,1002,0.003,0.382,0.073,0.01
6.452,0.239,0.387,0.031,0.235,7,1677,0.122,0.011,0.073,0.021
3.462,0.061,0.22,0.014,0.14,8,618,0.208,0.0,0.073,0.022
6.87,2.186,0.423,0.117,0.265,6,1413,0.002,20.479,0.073,0.016
2.494,0.069,0.129,0.011,0.218,6,573,1.692,0.049,0.073,0.015
3.451,1.134,0.163,0.05,0.247,6,892,1.32,0.262,0.073,0.021
6.881,2.386,0.4,0.157,0.252,8,1395,0.203,0.167,0.073,0.02
6.045,0.096,0.453,0.027,0.217,7,1522,0.001,0.035,0.073,0.014
7.202,2.432,0.563,0.188,0.28,9,992,0.0,1.934,0.073,0.025
2.447,0.758,0.137,0.057,0.298,5,600,0.006,0.008,0.073,0.011
6.318,1.988,0.365,0.117,0.252,5,1617,0.049,0.02,0.073,0.013
1.749,0.022,0.081,0.005,0.135,3,826,0.001,0.326,0.073,0.045
1.881,0.049,0.086,0.007,0.234,4,690,4.313,0.009,0.073,0.015
12.61,3.758,1.399,0.765,0.125,9,1862,0.058,0.057,0.073,0.019
5.3,0.077,0.329,0.023,0.258,6,1282,0.064,19.108,0.073,0.017
3.523,1.284,0.123,0.047,0.094,2,1421,0.568,2.663,0.072,0.021
7.955,2.314,0.524,0.069,0.164,7,1523,0.015,1.979,0.072,0.02
7.099,0.12,0.494,0.045,0.054,6,1920,0.001,0.038,0.072,0.023
4.633,0.076,0.277,0.017,0.18,6,1159,0.149,6.016,0.072,0.015
10.666,3.24,0.77,0.238,0.081,7,1818,0.06,0.006,0.072,0.017
8.251,0.183,0.664,0.042,0.088,9,1439,0.136,0.009,0.072,0.015
6.467,0.087,0.436,0.027,0.065,6,1740,0.0,2.184,0.072,0.024
3.918,0.047,0.221,0.016,0.157,6,913,0.992,13.36,0.072,0.012
4.401,0.044,0.268,0.018,0.067,6,1132,0.1,0.116,0.072,0.017
5.91,0.082,0.427,0.026,0.112,7,1321,0.082,0.003,0.072,0.016
3.266,0.07,0.183,0.011,0.276,5,988,0.005,0.001,0.072,0.009
6.738,0.112,0.497,0.035,0.062,7,1512,0.024,0.73,0.072,0.014
2.525,0.803,0.15,0.06,0.202,6,526,0.001,0.002,0.072,0.017
2.222,0.325,0.092,0.005,0.15,3,930,3.998,15.463,0.072,0.029
9.928,3.342,0.858,0.292,0.239,9,1562,0.0,0.0,0.072,0.021
9.976,3.508,0.598,0.045,0.151,7,1979,0.039,0.002,0.072,0.017
5.497,0.089,0.413,0.029,0.192,8,1174,0.0,0.989,0.072,0.019
13.454,4.032,0.812,0.147,0.285,9,1313,0.001,96.191,0.072,0.026
5.168,0.093,0.408,0.027,0.194,9,1027,0.001,0.686,0.072,0.018
3.369,0.089,0.187,0.01,0.162,8,507,1.007,0.002,0.072,0.022
1.854,0.089,0.081,0.005,0.214,7,552,5.525,0.188,0.072,0.03
8.229,0.153,0.663,0.035,0.093,9,1674,0.008,0.001,0.072,0.017
4.308,0.078,0.237,0.016,0.231,5,1282,0.126,2.326,0.072,0.02
9.381,0.281,0.698,0.035,0.177,9,1950,0.074,0.005,0.072,0.015
10.072,3.371,0.729,0.217,0.18,7,1767,0.001,0.008,0.072,0.01
4.136,0.041,0.279,0.018,0.28,8,776,0.022,3.834,0.072,0.019
4.79,0.163,0.209,0.018,0.267,5,1907,0.573,0.125,0.072,0.022
5.085,0.112,0.303,0.022,0.082,6,1266,0.012,27.76,0.072,0.017
3.451,0.959,0.172,0.07,0.274,6,902,1.711,1.207,0.072,0.017
6.658,2.283,0.461,0.171,0.108,7,1095,0.004,0.692,0.072,0.013
1.959,0.704,0.097,0.026,0.125,4,600,0.046,0.004,0.072,0.016
8.355,2.72,0.451,0.15,0.131,7,1886,0.503,0.002,0.072,0.018
8.224,0.091,0.554,0.038,0.183,7,1704,0.001,16.853,0.072,0.024
3.527,0.113,0.116,0.007,0.131,5,1906,7.747,5.984,0.072,0.021
6.446,0.086,0.408,0.036,0.066,6,1619,0.086,5.472,0.072,0.016
5.994,0.092,0.383,0.028,0.154,6,1639,0.0,0.0,0.072,0.017
5.426,0.675,0.256,0.018,0.158,4,1899,1.525,72.494,0.072,0.015
4.661,0.066,0.293,0.02,0.047,6,1201,0.051,9.164,0.071,0.021
6.297,0.085,0.488,0.028,0.267,9,1249,0.036,0.001,0.071,0.021
4.461,0.044,0.19,0.015,0.22,7,1743,0.84,0.255,0.071,0.019
12.8,0.216,0.936,0.058,0.309,9,1924,0.002,21.16,0.071,0.018
3.364,0.052,0.117,0.008,0.081,2,1967,0.012,0.293,0.071,0.03
1.579,0.041,0.055,0.004,0.307,5,792,7.395,0.002,0.071,0.022
11.302,3.483,0.887,0.318,0.188,8,1825,0.001,7.388,0.071,0.018
4.457,1.492,0.29,0.091,0.165,7,839,0.018,0.027,0.071,0.02
2.378,0.207,0.11,0.011,0.157,6,715,4.69,1.091,0.071,0.027
8.45,0.139,0.523,0.046,0.175,6,1972,0.56,5.72,0.071,0.013
4.473,0.06,0.274,0.02,0.211,6,1108,0.0,25.13,0.071,0.018
10.134,3.489,0.784,0.286,0.263,8,1560,0.025,0.465,0.071,0.017
3.23,0.049,0.126,0.012,0.23,7,1302,2.058,0.0,0.071,0.02
6.819,0.107,0.379,0.02,0.241,5,1876,0.188,0.377,0.071,0.015
6.878,0.125,0.475,0.026,0.159,6,1822,0.011,1.352,0.071,0.016
4.156,0.041,0.247,0.018,0.124,5,1300,0.008,24.548,0.071,0.01
4.08,0.056,0.232,0.015,0.044,7,739,1.623,0.0,0.071,0.023
2.628,0.037,0.161,0.01,0.119,7,553,0.001,0.0,0.071,0.01
6.087,0.1,0.391,0.029,0.23,6,1620,0.008,1.153,0.071,0.012
5.238,0.087,0.385,0.024,0.115,8,1093,0.006,0.001,0.071,0.017
4.204,1.419,0.205,0.092,0.197,8,1000,1.167,0.006,0.071,0.019
2.547,0.042,0.089,0.005,0.073,2,1476,0.001,0.59,0.071,0.02
2.905,0.048,0.084,0.006,0.302,3,1792,6.365,0.091,0.071,0.032
4.403,0.032,0.276,0.02,0.196,6,1170,0.0,1.752,0.071,0.02
3.312,0.062,0.253,0.016,0.218,9,648,0.0,0.013,0.071,0.021
8.874,0.117,0.708,0.045,0.104,8,1955,0.0,0.437,0.071,0.017
6.064,2.103,0.251,0.084,0.25,7,1891,0.667,0.037,0.071,0.021
4.41,0.228,0.242,0.016,0.234,7,1095,0.279,0.002,0.071,0.018
4.937,0.302,0.256,0.021,0.101,9,838,2.966,0.467,0.071,0.018
4.859,0.076,0.346,0.023,0.108,8,998,0.002,0.0,0.071,0.016
4.703,0.214,0.175,0.01,0.203,9,1880,2.294,1.729,0.07,0.022
4.896,0.454,0.246,0.015,0.033,5,1580,9.883,0.248,0.07,0.015
3.009,0.1,0.114,0.006,0.253,6,1328,2.736,0.089,0.07,0.015
6.584,0.119,0.407,0.037,0.135,8,1573,0.239,0.001,0.07,0.018
1.462,0.494,0.056,0.023,0.298,2,644,0.839,12.83,0.07,0.037
7.241,0.162,0.595,0.038,0.262,9,1296,0.001,5.202,0.07,0.019
9.182,3.169,0.738,0.227,0.096,9,1305,0.002,0.009,0.07,0.018
4.956,1.76,0.312,0.112,0.304,6,947,0.004,0.008,0.07,0.013
1.967,0.717,0.069,0.025,0.139,2,763,0.0,2.135,0.07,0.025
7.551,0.083,0.653,0.035,0.257,9,1663,0.002,0.036,0.07,0.024
7.301,0.079,0.464,0.033,0.055,7,1313,2.91,8.211,0.07,0.022
4.225,0.095,0.278,0.018,0.127,7,925,0.039,0.94,0.07,0.016
10.267,3.502,0.807,0.213,0.139,8,1980,0.0,0.174,0.07,0.018
4.04,1.372,0.205,0.067,0.178,4,1261,0.009,0.0,0.07,0.009
5.354,1.644,0.296,0.109,0.179,7,1081,0.704,0.001,0.07,0.017
7.017,0.125,0.468,0.027,0.102,7,1454,0.273,0.015,0.07,0.017
4.717,1.569,0.322,0.124,0.196,7,780,0.001,0.056,0.07,0.024
10.55,3.295,0.784,0.29,0.128,7,1899,0.0,0.687,0.07,0.018
6.602,0.154,0.53,0.03,0.09,9,1289,0.002,0.024,0.07,0.02
3.061,1.022,0.115,0.037,0.218,6,1105,4.582,0.004,0.07,0.022
3.816,0.132,0.162,0.013,0.196,4,1666,5.017,33.178,0.07,0.013
8.374,0.064,0.613,0.04,0.23,9,1158,0.008,26.909,0.07,0.021
5.104,0.204,0.234,0.025,0.249,9,1324,1.679,7.915,0.07,0.023
18.661,5.629,1.202,0.302,0.169,9,1940,0.347,42.032,0.07,0.024
8.011,0.114,0.621,0.039,0.258,7,1855,0.0,2.744,0.07,0.007
6.108,0.091,0.504,0.028,0.288,9,1335,0.001,0.005,0.07,0.011
5.533,0.079,0.329,0.019,0.077,5,1747,0.303,2.406,0.07,0.016
3.207,0.048,0.173,0.012,0.053,4,1287,0.037,0.8,0.07,0.032
4.256,0.062,0.261,0.016,0.142,6,1127,0.024,0.089,0.07,0.019
1.218,0.02,0.058,0.004,0.124,3,546,0.06,0.0,0.07,0.033
3.551,0.202,0.157,0.017,0.182,7,1168,2.63,0.598,0.07,0.02
5.661,0.06,0.328,0.022,0.097,5,1773,0.023,48.93,0.07,0.016
7.2,0.101,0.642,0.041,0.154,9,1520,0.001,0.052,0.07,0.014
2.024,0.022,0.108,0.007,0.158,5,596,0.902,0.325,0.07,0.01
4.506,0.053,0.255,0.018,0.221,5,1365,0.018,0.0,0.07,0.006
11.126,0.156,0.909,0.054,0.132,9,1923,0.0,5.936,0.07,0.022
2.808,0.888,0.089,0.032,0.244,2,1319,8.07,0.001,0.07,0.041
3.784,1.479,0.103,0.049,0.237,8,1867,11.95,3.652,0.07,0.027
1.919,0.639,0.09,0.035,0.081,3,747,0.0,1.431,0.07,0.038
9.066,2.837,0.514,0.147,0.085,7,1909,0.633,0.001,0.069,0.018
5.505,0.084,0.311,0.025,0.03,5,1590,5.07,0.006,0.069,0.016
8.249,0.199,0.629,0.037,0.073,7,1935,0.0,0.222,0.069,0.021
3.068,0.039,0.165,0.011,0.27,5,878,1.358,33.658,0.069,0.012
3.477,1.121,0.182,0.069,0.236,5,791,0.007,0.955,0.069,0.021
4.721,0.069,0.305,0.025,0.06,7,984,0.013,5.517,0.069,0.025
2.674,0.941,0.129,0.054,0.255,6,592,3.158,0.001,0.069,0.013
4.781,0.267,0.268,0.032,0.171,9,1198,0.37,0.001,0.069,0.02
5.312,0.082,0.33,0.022,0.275,6,1387,0.009,1.532,0.069,0.013
6.338,2.131,0.496,0.172,0.302,8,1202,0.001,0.286,0.069,0.017
3.752,0.071,0.288,0.016,0.202,9,739,0.005,0.031,0.069,0.017
7.81,2.275,0.474,0.137,0.143,7,1365,0.04,0.0,0.069,0.018
2.782,0.052,0.179,0.011,0.15,7,627,0.004,0.001,0.069,0.019
4.43,1.559,0.207,0.077,0.035,3,1771,0.0,0.029,0.069,0.046
7.9,0.179,0.661,0.037,0.21,8,1865,0.0,0.001,0.069,0.022
8.785,2.456,0.546,0.156,0.231,7,1550,0.667,8.23,0.069,0.023
3.335,0.121,0.177,0.007,0.209,8,743,0.682,0.039,0.069,0.02
4.198,0.059,0.154,0.016,0.242,9,1779,3.352,4.238,0.069,0.018
14.929,0.25,1.011,0.064,0.232,9,1923,0.503,23.117,0.069,0.023
4.322,1.322,0.264,0.103,0.065,5,1156,0.002,1.415,0.069,0.023
3.82,0.047,0.228,0.016,0.196,6,979,0.058,0.0,0.069,0.008
5.748,0.079,0.36,0.035,0.302,8,882,0.187,23.817,0.069,0.019
12.952,4.008,0.927,0.249,0.11,8,1870,0.035,15.309,0.069,0.017
7.544,0.149,0.563,0.034,0.206,7,1844,0.002,0.653,0.069,0.015
3.581,0.112,0.129,0.006,0.251,6,1705,5.765,20.407,0.069,0.019
4.142,1.372,0.264,0.102,0.085,8,520,0.061,0.0,0.069,0.023
10.398,0.157,0.832,0.058,0.109,9,1798,0.0,4.329,0.069,0.016
7.045,2.485,0.44,0.154,0.081,5,1634,0.017,7.402,0.069,0.022
7.634,0.103,0.564,0.031,0.303,9,1183,0.003,13.482,0.069,0.019
5.429,1.83,0.356,0.125,0.099,7,871,0.002,0.187,0.069,0.014
8.264,2.356,0.411,0.139,0.134,8,1939,1.599,3.477,0.069,0.019
6.201,0.069,0.42,0.02,0.094,7,1449,0.013,0.003,0.068,0.017
9.356,3.076,0.74,0.181,0.095,9,1507,0.043,0.012,0.068,0.016
6.098,0.114,0.389,0.023,0.227,7,1283,0.16,0.443,0.068,0.014
8.418,2.601,0.509,0.183,0.079,6,1704,0.678,0.134,0.068,0.015
3.715,1.416,0.239,0.085,0.208,7,690,0.0,0.0,0.068,0.013
6.26,0.108,0.385,0.03,0.027,6,1590,0.0,0.002,0.068,0.016
11.956,0.148,0.865,0.053,0.298,9,1745,0.152,12.581,0.068,0.015
4.103,0.062,0.211,0.015,0.046,4,1556,2.22,21.699,0.068,0.04
6.363,2.072,0.432,0.073,0.073,8,1053,0.002,0.104,0.068,0.016
6.063,1.936,0.341,0.116,0.195,8,1167,0.444,0.92,0.068,0.017
3.723,0.04,0.193,0.013,0.078,8,519,2.344,0.138,0.068,0.027
8.436,0.103,0.62,0.049,0.076,7,1803,0.012,8.178,0.068,0.021
4.679,0.084,0.271,0.016,0.115,5,1456,0.0,0.001,0.068,0.015
7.561,0.168,0.661,0.042,0.132,9,1617,0.0,0.017,0.068,0.013
7.216,2.403,0.441,0.133,0.086,5,1907,0.028,0.25,0.068,0.012
4.426,1.57,0.195,0.063,0.123,3,1699,4.417,11.74,0.068,0.031
3.012,0.059,0.174,0.011,0.1,5,967,0.0,0.198,0.068,0.017
8.219,0.328,0.514,0.019,0.08,8,1944,0.589,0.0,0.068,0.017
6.296,1.978,0.464,0.184,0.149,9,874,0.002,4.249,0.068,0.017
9.7,0.589,0.645,0.045,0.057,8,1530,2.472,1.848,0.068,0.019
5.457,1.724,0.356,0.142,0.072,7,994,0.111,0.018,0.068,0.019
6.006,0.097,0.388,0.027,0.027,5,1954,0.012,11.925,0.068,0.027
6.119,0.087,0.433,0.028,0.083,7,1438,0.001,0.007,0.068,0.015
5.648,2.09,0.291,0.122,0.108,6,1137,3.206,0.003,0.067,0.018
6.198,0.275,0.293,0.023,0.286,8,1672,1.981,25.548,0.067,0.015
4.435,0.786,0.302,0.119,0.173,8,673,0.394,0.487,0.067,0.017
2.27,0.026,0.102,0.006,0.138,3,1090,0.001,45.346,0.067,0.035
8.355,2.789,0.492,0.163,0.183,6,1445,0.0,62.541,0.067,0.011
12.132,4.249,1.023,0.332,0.1,9,1804,0.0,0.119,0.067,0.014
5.78,1.761,0.403,0.125,0.184,8,907,0.011,4.215,0.067,0.018
7.835,2.509,0.417,0.039,0.121,9,1556,0.351,0.005,0.067,0.019
2.321,0.056,0.082,0.005,0.076,2,1340,0.002,0.0,0.067,0.021
8.551,2.103,0.612,0.2,0.094,6,1912,0.129,1.127,0.067,0.015
2.59,0.081,0.074,0.003,0.185,5,1569,9.46,0.054,0.067,0.014
1.443,0.02,0.052,0.003,0.128,2,790,0.921,0.567,0.067,0.021
11.937,4.012,0.89,0.268,0.098,8,1683,0.126,0.028,0.067,0.013
2.376,0.04,0.139,0.01,0.142,6,608,0.011,0.0,0.067,0.021
10.353,3.484,0.526,0.166,0.147,8,1641,4.745,64.972,0.067,0.021
2.313,0.046,0.129,0.008,0.131,5,709,0.069,0.006,0.067,0.017
7.527,0.088,0.481,0.03,0.06,6,1775,1.101,0.244,0.067,0.013
1.565,0.03,0.078,0.004,0.235,4,570,0.002,0.109,0.067,0.017
2.397,0.038,0.137,0.008,0.132,6,590,0.218,0.001,0.067,0.016
2.752,0.98,0.066,0.019,0.304,5,1499,12.463,3.113,0.067,0.022
5.176,0.116,0.313,0.018,0.037,5,1650,0.3,0.008,0.067,0.028
7.305,2.557,0.528,0.188,0.218,7,1292,0.001,0.0,0.067,0.015
6.902,2.229,0.474,0.151,0.086,7,1346,0.002,0.002,0.067,0.02
1.618,0.033,0.075,0.004,0.079,3,764,0.0,3.519,0.067,0.047
11.697,3.8,0.871,0.251,0.036,9,1402,0.027,0.012,0.067,0.015
5.779,0.427,0.343,0.039,0.048,5,1732,0.001,0.0,0.067,0.019
6.376,0.095,0.365,0.029,0.234,9,752,0.0,85.532,0.067,0.015
5.871,0.115,0.326,0.023,0.111,6,1606,1.445,1.155,0.066,0.019
2.707,0.922,0.139,0.047,0.096,5,626,5.22,0.654,0.066,0.018
7.675,0.088,0.483,0.038,0.174,7,1444,0.717,7.183,0.066,0.018
4.86,0.123,0.29,0.021,0.051,8,802,0.0,13.624,0.066,0.024
8.423,2.724,0.5,0.15,0.12,8,1373,0.39,0.008,0.066,0.018
6.592,0.334,0.344,0.029,0.288,9,1243,1.75,24.926,0.066,0.014
6.661,1.656,0.453,0.169,0.063,7,1205,0.3,0.059,0.066,0.013
4.24,1.42,0.287,0.096,0.102,9,587,0.017,0.0,0.066,0.018
4.125,0.051,0.217,0.015,0.186,7,713,3.067,50.942,0.066,0.017
6.864,2.251,0.394,0.076,0.074,7,1081,1.253,3.147,0.066,0.027
5.645,1.836,0.339,0.103,0.052,5,1507,0.0,0.0,0.066,0.019
4.724,0.254,0.203,0.016,0.296,7,1513,4.579,72.125,0.066,0.018
3.168,0.07,0.109,0.007,0.14,2,1840,0.001,36.827,0.066,0.038
3.283,0.025,0.186,0.013,0.268,7,619,0.053,25.153,0.066,0.012
9.572,3.126,0.624,0.211,0.086,6,1815,0.001,5.304,0.066,0.014
1.789,0.034,0.083,0.005,0.084,3,831,0.08,4.686,0.066,0.039
7.805,0.244,0.455,0.04,0.074,7,1723,1.346,0.116,0.066,0.018
4.579,0.065,0.26,0.017,0.157,6,1081,0.227,54.449,0.066,0.016
10.794,0.162,0.757,0.06,0.242,8,1786,0.001,24.758,0.066,0.018
6.318,0.102,0.39,0.028,0.194,6,1509,0.075,46.792,0.066,0.01
9.174,3.083,0.677,0.186,0.249,8,1242,0.002,7.807,0.066,0.013
8.886,0.646,0.629,0.067,0.219,8,1744,0.264,3.63,0.066,0.016
3.153,0.043,0.188,0.012,0.049,7,639,0.002,0.0,0.066,0.018
7.935,2.083,0.563,0.178,0.118,7,1400,0.038,0.001,0.066,0.012
4.455,0.107,0.266,0.016,0.053,5,1424,0.011,0.674,0.066,0.015
6.082,2.162,0.291,0.091,0.153,9,1462,0.729,0.067,0.066,0.021
5.243,0.053,0.354,0.025,0.048,7,1136,0.008,0.016,0.066,0.015
5.518,1.734,0.393,0.126,0.087,9,810,0.0,0.0,0.065,0.014
12.24,4.06,0.979,0.353,0.162,9,1694,0.001,2.407,0.065,0.018
2.241,0.042,0.112,0.007,0.184,4,838,0.001,62.426,0.065,0.022
2.909,0.075,0.163,0.011,0.268,9,548,0.449,0.0,0.065,0.016
10.433,2.819,0.747,0.142,0.063,8,1658,0.129,1.004,0.065,0.013
8.201,0.342,0.586,0.035,0.116,7,1758,0.228,0.06,0.065,0.019
8.995,2.985,0.635,0.188,0.196,8,1501,0.075,0.758,0.065,0.014
2.485,0.033,0.157,0.009,0.149,7,534,0.002,0.245,0.065,0.015
3.82,1.324,0.224,0.068,0.263,8,524,0.01,14.875,0.065,0.017
4.279,1.517,0.174,0.057,0.138,6,1197,6.127,0.351,0.065,0.018
3.078,1.025,0.178,0.055,0.296,7,502,0.0,19.741,0.065,0.018
11.349,3.592,0.687,0.197,0.037,8,1305,0.013,43.293,0.065,0.023
5.481,1.763,0.383,0.157,0.093,7,1039,0.001,0.005,0.065,0.016
6.473,0.114,0.431,0.043,0.148,8,1127,0.002,13.381,0.065,0.019
6.813,2.182,0.439,0.119,0.047,7,1239,0.002,0.002,0.065,0.014
3.412,0.031,0.218,0.014,0.098,7,741,0.014,1.444,0.065,0.022
6.164,1.891,0.369,0.144,0.032,5,1426,0.74,0.602,0.065,0.022
6.033,0.123,0.424,0.026,0.101,6,1588,0.002,1.598,0.065,0.014
5.253,0.085,0.242,0.021,0.144,8,1637,1.578,0.44,0.065,0.016
1.45,0.02,0.073,0.005,0.093,4,531,0.763,0.0,0.065,0.03
6.823,0.113,0.395,0.024,0.062,9,855,1.123,0.09,0.065,0.021
9.849,3.092,0.751,0.248,0.051,8,1700,0.001,0.004,0.065,0.015
6.356,0.082,0.447,0.027,0.046,6,1665,0.001,0.001,0.065,0.014
3.742,0.057,0.214,0.014,0.095,7,712,1.067,1.251,0.064,0.02
3.381,0.037,0.175,0.012,0.134,4,1305,0.0,76.318,0.064,0.023
4.373,1.645,0.224,0.097,0.163,5,1170,1.873,0.001,0.064,0.01
6.273,1.689,0.37,0.023,0.106,9,882,0.171,0.145,0.064,0.017
9.485,0.155,0.788,0.049,0.189,9,1941,0.033,0.0,0.064,0.016
5.767,1.961,0.296,0.128,0.063,7,1249,6.873,0.01,0.064,0.025
4.829,0.12,0.305,0.019,0.244,6,1324,0.002,0.0,0.064,0.011
12.642,4.105,0.816,0.205,0.048,8,1480,0.251,16.97,0.064,0.022
2.036,0.084,0.067,0.005,0.309,9,980,8.175,0.0,0.064,0.025
6.809,2.35,0.399,0.15,0.131,5,1462,0.0,96.314,0.064,0.008
5.843,0.138,0.366,0.027,0.046,5,1846,0.002,54.319,0.064,0.017
5.608,0.05,0.37,0.028,0.17,9,828,0.0,13.306,0.064,0.02
7.688,0.094,0.539,0.036,0.037,9,1160,0.14,0.004,0.064,0.02
7.975,2.365,0.538,0.132,0.16,8,1151,0.29,4.728,0.064,0.018
1.783,0.05,0.082,0.005,0.118,4,612,8.431,6.312,0.064,0.017
10.22,0.16,0.676,0.041,0.074,9,1395,0.635,2.301,0.064,0.017
3.286,0.025,0.203,0.014,0.295,7,678,0.0,9.586,0.064,0.012
2.469,0.849,0.077,0.03,0.25,9,1049,12.734,0.02,0.063,0.032
3.587,0.077,0.208,0.015,0.253,8,561,0.434,10.37,0.063,0.012
5.62,0.101,0.341,0.02,0.066,5,1800,0.005,0.583,0.063,0.016
5.206,1.751,0.32,0.111,0.051,7,778,0.074,0.135,0.063,0.017
3.591,0.175,0.13,0.016,0.156,7,1648,5.749,0.0,0.063,0.016
8.11,2.675,0.507,0.198,0.061,6,1505,0.222,1.827,0.063,0.019
10.738,3.689,0.726,0.205,0.042,9,1192,0.004,2.707,0.063,0.02
4.334,0.042,0.277,0.017,0.17,7,939,0.122,0.294,0.063,0.017
8.417,0.143,0.663,0.04,0.051,9,1456,0.023,0.235,0.063,0.013
3.532,0.66,0.149,0.01,0.046,3,1538,0.003,0.0,0.063,0.031
3.329,0.19,0.09,0.001,0.225,6,1969,7.777,2.924,0.063,0.014
10.414,3.59,0.803,0.173,0.049,9,1523,0.025,0.001,0.063,0.015
8.635,0.13,0.702,0.041,0.072,9,1571,0.064,0.002,0.063,0.012
2.891,0.055,0.176,0.011,0.09,8,505,0.05,0.308,0.063,0.022
3.175,0.062,0.188,0.013,0.069,5,1026,0.007,0.01,0.063,0.018
14.878,4.809,0.985,0.326,0.022,9,1577,0.058,3.367,0.063,0.028
10.744,3.66,0.664,0.279,0.082,9,1847,0.48,0.188,0.063,0.016
1.878,0.027,0.102,0.007,0.274,5,551,0.001,0.004,0.063,0.014
2.735,0.995,0.094,0.034,0.107,2,1065,0.324,4.844,0.063,0.023
2.009,0.705,0.111,0.032,0.064,5,500,0.239,0.255,0.063,0.031
1.392,0.483,0.055,0.021,0.129,2,631,0.0,0.867,0.063,0.021
3.294,1.098,0.194,0.058,0.064,7,560,0.001,9.697,0.063,0.026
5.039,1.564,0.293,0.112,0.196,6,1022,0.238,0.22,0.062,0.01
11.032,3.877,0.664,0.201,0.041,6,1870,1.455,0.062,0.062,0.015
10.258,3.655,0.788,0.278,0.216,9,1421,0.05,0.0,0.062,0.015
5.066,1.702,0.315,0.117,0.071,9,534,0.085,0.826,0.062,0.019
9.097,3.076,0.453,0.156,0.064,9,1972,3.916,0.012,0.062,0.018
2.129,0.248,0.07,0.004,0.256,2,1128,0.042,54.12,0.062,0.036
4.796,1.554,0.314,0.086,0.072,8,750,0.0,0.007,0.062,0.018
2.875,0.995,0.095,0.03,0.231,2,1320,1.775,42.966,0.062,0.036
2.016,0.026,0.108,0.007,0.26,5,587,0.043,27.598,0.062,0.013
2.386,0.755,0.133,0.055,0.076,5,584,0.798,0.006,0.062,0.02
7.777,0.137,0.556,0.04,0.047,7,1601,0.359,0.001,0.062,0.014
3.919,1.306,0.114,0.033,0.27,8,1849,6.298,0.037,0.062,0.024
3.319,1.061,0.191,0.077,0.084,6,676,0.14,11.682,0.062,0.024
15.193,4.511,1.058,0.342,0.033,8,1992,0.983,0.002,0.062,0.014
1.708,0.03,0.062,0.004,0.083,2,970,0.004,0.022,0.062,0.02
4.397,1.367,0.208,0.056,0.093,7,801,7.508,3.487,0.062,0.026
4.841,1.665,0.238,0.082,0.044,4,1369,0.002,0.007,0.061,0.037
3.968,1.368,0.228,0.07,0.048,7,643,0.587,0.168,0.061,0.018
4.361,0.069,0.27,0.017,0.072,9,629,0.261,0.0,0.061,0.019
5.313,1.063,0.353,0.118,0.288,7,912,0.437,3.147,0.061,0.015
7.51,2.353,0.478,0.169,0.03,8,1078,0.0,0.0,0.061,0.015
4.298,0.046,0.23,0.017,0.022,5,1243,6.786,0.068,0.061,0.018
2.275,0.036,0.126,0.008,0.034,5,692,0.0,0.005,0.061,0.023
2.657,0.041,0.133,0.009,0.248,6,556,4.944,69.53,0.061,0.01
5.283,0.08,0.292,0.017,0.031,6,1163,6.149,0.03,0.06,0.019
1.589,0.027,0.065,0.005,0.299,7,565,6.639,0.523,0.06,0.019
2.723,0.027,0.144,0.009,0.082,4,1073,0.067,0.0,0.06,0.021
10.584,0.369,0.725,0.055,0.066,9,1966,0.508,0.039,0.06,0.016
4.717,0.079,0.319,0.018,0.081,8,876,0.087,0.002,0.06,0.017
2.355,0.033,0.131,0.008,0.268,6,561,0.249,0.0,0.06,0.016
2.432,0.769,0.138,0.057,0.128,5,615,0.002,49.641,0.06,0.02
5.157,1.42,0.321,0.088,0.065,8,722,0.441,0.666,0.06,0.012
8.409,2.686,0.639,0.166,0.076,9,1172,0.162,0.001,0.06,0.017
3.04,0.076,0.09,0.008,0.175,4,1806,6.496,0.031,0.06,0.008
4.719,0.066,0.278,0.02,0.027,5,1516,0.001,0.004,0.06,0.023
4.424,1.582,0.16,0.063,0.277,5,1551,2.958,0.002,0.059,0.004
2.356,0.027,0.118,0.008,0.123,4,893,0.006,93.501,0.059,0.034
4.518,0.085,0.237,0.015,0.02,4,1773,0.424,0.048,0.059,0.027
2.833,0.068,0.096,0.006,0.16,2,1593,3.494,30.362,0.059,0.036
2.408,0.072,0.072,0.007,0.283,7,1323,7.74,1.254,0.059,0.027
2.865,0.056,0.076,0.006,0.232,2,1823,9.534,0.012,0.059,0.035
6.821,2.198,0.431,0.143,0.058,6,1326,0.0,0.057,0.059,0.009
5.143,0.346,0.272,0.03,0.038,6,1335,9.019,0.564,0.059,0.024
3.774,1.266,0.122,0.033,0.286,9,1430,6.007,7.647,0.059,0.019
3.73,0.118,0.197,0.013,0.025,5,1069,8.941,0.0,0.059,0.02
4.144,0.047,0.251,0.017,0.205,7,816,0.159,10.303,0.059,0.011
3.547,1.278,0.091,0.029,0.278,6,1862,7.923,0.543,0.059,0.018
1.697,0.032,0.057,0.006,0.169,4,884,10.62,0.001,0.059,0.003
1.519,0.436,0.07,0.03,0.149,5,519,13.014,0.007,0.058,0.011
2.331,0.058,0.095,0.029,0.205,2,1240,5.592,35.744,0.058,0.035
5.727,0.31,0.282,0.027,0.053,9,1324,8.0,0.005,0.058,0.027
4.719,0.068,0.279,0.021,0.042,5,1489,0.001,49.475,0.058,0.02
1.817,0.039,0.082,0.006,0.057,3,825,3.386,0.0,0.058,0.039
2.842,0.11,0.093,0.007,0.196,7,1418,7.654,0.369,0.058,0.018
2.092,0.038,0.075,0.004,0.183,2,1190,0.003,38.247,0.058,0.034
7.02,0.121,0.435,0.022,0.045,7,1254,2.355,0.001,0.058,0.013
3.076,0.056,0.212,0.013,0.169,9,529,0.0,0.685,0.058,0.012
8.489,2.848,0.524,0.177,0.025,8,1029,0.016,0.001,0.058,0.018
14.972,4.875,0.982,0.168,0.05,9,1673,0.001,33.708,0.058,0.014
4.387,1.316,0.267,0.102,0.047,8,610,0.0,0.0,0.058,0.013
15.06,5.273,1.0,0.227,0.045,9,1671,0.001,5.363,0.058,0.017
3.124,1.037,0.168,0.056,0.221,5,764,0.141,65.717,0.058,0.008
2.941,0.028,0.151,0.01,0.101,4,1139,0.0,83.936,0.058,0.035
12.874,4.02,0.966,0.253,0.073,8,1901,0.026,10.854,0.057,0.013
7.703,2.652,0.405,0.128,0.042,9,693,8.166,0.383,0.057,0.027
11.694,4.075,0.677,0.199,0.046,9,1009,2.692,0.047,0.057,0.012
2.457,0.07,0.064,0.005,0.154,5,1585,14.745,0.008,0.057,0.018
2.552,0.044,0.137,0.008,0.243,6,588,0.003,79.272,0.057,0.012
2.881,0.112,0.091,0.007,0.258,8,1472,6.65,0.007,0.057,0.017
1.619,0.032,0.057,0.003,0.259,2,877,3.117,39.914,0.057,0.038
2.538,0.784,0.074,0.028,0.291,7,1220,11.141,0.0,0.057,0.017
9.882,0.338,0.6,0.046,0.042,9,1265,0.017,43.131,0.057,0.014
8.153,2.661,0.536,0.132,0.029,7,1459,0.001,0.004,0.057,0.006
4.299,0.115,0.222,0.012,0.018,8,615,0.661,0.0,0.057,0.027
3.684,0.09,0.181,0.011,0.038,8,508,8.406,0.623,0.056,0.024
4.575,0.346,0.238,0.031,0.066,9,691,7.378,0.003,0.056,0.024
2.494,0.053,0.083,0.006,0.255,9,1150,7.631,0.037,0.056,0.029
10.919,0.116,0.812,0.051,0.052,9,1565,0.453,0.009,0.056,0.017
4.089,0.083,0.242,0.017,0.124,8,661,0.0,19.747,0.056,0.015
5.814,0.115,0.344,0.024,0.011,5,1794,1.151,0.0,0.056,0.023
2.019,0.142,0.077,0.007,0.254,8,760,6.638,0.0,0.056,0.02
8.257,0.521,0.444,0.055,0.053,9,1731,6.33,5.117,0.056,0.029
2.916,1.017,0.098,0.031,0.086,2,1337,3.787,0.0,0.056,0.03
4.626,0.274,0.188,0.016,0.077,9,1666,9.581,0.001,0.056,0.033
3.785,0.057,0.191,0.014,0.07,4,1443,0.623,93.673,0.056,0.034
2.381,0.81,0.088,0.041,0.219,2,1113,0.0,68.682,0.055,0.033
5.502,1.742,0.34,0.12,0.064,9,582,0.173,0.076,0.055,0.019
4.364,1.003,0.308,0.084,0.102,9,629,0.101,0.097,0.055,0.014
1.349,0.075,0.051,0.004,0.243,7,564,11.364,0.0,0.055,0.012
5.379,1.969,0.226,0.089,0.07,9,1521,9.737,0.001,0.055,0.027
7.183,2.491,0.397,0.063,0.016,6,1407,0.911,0.046,0.055,0.02
9.725,0.191,0.556,0.033,0.029,9,1130,1.891,0.0,0.055,0.015
2.814,0.061,0.098,0.005,0.053,2,1641,0.002,1.248,0.055,0.021
6.463,2.154,0.412,0.152,0.027,7,951,0.0,1.049,0.054,0.02
6.58,0.177,0.348,0.022,0.013,9,772,0.033,0.0,0.054,0.02
1.818,0.085,0.063,0.006,0.288,8,812,7.791,0.003,0.054,0.025
2.589,0.052,0.089,0.004,0.063,2,1454,3.023,0.002,0.054,0.022
5.157,1.665,0.295,0.106,0.023,7,710,0.004,0.005,0.054,0.019
4.355,0.045,0.277,0.017,0.06,8,767,0.018,1.83,0.054,0.012
10.825,3.73,0.754,0.231,0.031,8,1433,0.001,0.28,0.054,0.012
2.452,0.752,0.082,0.027,0.283,7,992,7.577,0.577,0.053,0.018
4.162,0.069,0.237,0.016,0.015,6,1003,0.209,0.329,0.053,0.025
16.327,5.003,0.998,0.225,0.011,9,1835,0.0,0.0,0.053,0.022
5.036,0.119,0.275,0.019,0.016,4,1980,0.001,0.0,0.053,0.031
4.787,0.053,0.322,0.02,0.048,7,1029,0.0,0.007,0.053,0.008
2.997,0.088,0.165,0.011,0.06,7,571,0.009,59.639,0.053,0.022
3.617,1.146,0.096,0.034,0.284,8,1816,9.198,1.826,0.053,0.017
4.404,0.212,0.199,0.018,0.045,4,1839,10.136,10.596,0.052,0.021
7.937,2.733,0.482,0.175,0.028,6,1458,0.149,0.032,0.052,0.006
5.94,0.152,0.363,0.028,0.014,6,1490,0.099,0.001,0.052,0.012
2.104,0.972,0.087,0.048,0.171,8,638,12.474,0.118,0.052,0.015
1.229,0.025,0.059,0.003,0.064,3,554,0.246,0.074,0.052,0.035
3.172,0.052,0.17,0.01,0.086,7,574,0.669,77.236,0.052,0.01
1.495,0.512,0.067,0.022,0.128,3,521,11.431,0.001,0.052,0.017
3.026,1.017,0.085,0.029,0.163,6,1473,14.032,6.948,0.051,0.016
5.861,0.236,0.317,0.026,0.033,9,951,12.138,0.0,0.051,0.024
5.861,1.719,0.337,0.104,0.029,8,775,0.096,14.825,0.051,0.02
3.919,1.226,0.137,0.054,0.134,2,1860,0.032,80.275,0.051,0.032
2.729,0.946,0.099,0.037,0.053,2,1316,0.013,0.252,0.05,0.019
2.833,0.973,0.144,0.047,0.032,4,910,0.013,0.002,0.05,0.027
2.86,0.071,0.073,0.004,0.147,3,1905,12.825,0.008,0.05,0.018
1.592,0.507,0.08,0.036,0.08,3,600,0.037,0.0,0.05,0.027
6.281,0.129,0.376,0.029,0.011,6,1554,0.002,0.11,0.049,0.017
2.73,0.049,0.095,0.005,0.046,2,1594,0.0,0.001,0.049,0.021
2.774,0.054,0.148,0.009,0.053,5,818,6.122,23.174,0.049,0.017
4.109,1.601,0.14,0.057,0.093,7,1681,12.529,0.005,0.049,0.021
4.137,0.061,0.238,0.014,0.034,8,668,0.147,0.0,0.049,0.013
4.65,0.085,0.271,0.018,0.011,5,1471,0.002,0.0,0.048,0.027
0.954,0.014,0.037,0.002,0.255,2,500,0.465,23.475,0.048,0.031
1.508,0.075,0.055,0.004,0.223,8,653,12.83,0.0,0.048,0.017
6.437,0.155,0.346,0.026,0.013,8,934,0.845,0.228,0.048,0.02
2.215,0.093,0.08,0.009,0.119,8,943,15.1,0.079,0.048,0.019
2.036,0.082,0.055,0.004,0.226,7,1232,18.575,11.112,0.048,0.026
3.256,0.047,0.152,0.011,0.033,3,1598,0.0,8.17,0.047,0.028
10.632,0.355,0.621,0.041,0.018,9,1318,0.83,41.041,0.047,0.02
6.439,2.19,0.364,0.124,0.016,6,1140,0.095,0.001,0.047,0.021
2.962,0.982,0.141,0.036,0.17,5,775,9.267,90.495,0.047,0.011
1.811,0.031,0.065,0.004,0.063,2,1025,0.111,0.001,0.047,0.022
2.82,0.04,0.128,0.009,0.031,3,1355,0.44,0.0,0.046,0.029
1.281,0.025,0.04,0.003,0.302,6,686,15.014,3.872,0.046,0.021
1.364,0.017,0.05,0.003,0.233,2,734,3.135,63.186,0.046,0.03
2.531,0.051,0.065,0.005,0.205,2,1666,12.337,0.001,0.045,0.031
3.537,1.378,0.172,0.069,0.071,7,630,13.149,1.004,0.045,0.016
2.2,0.672,0.06,0.024,0.201,5,1135,17.096,0.001,0.044,0.025
8.977,2.891,0.576,0.137,0.021,6,1858,0.285,72.204,0.044,0.011
2.082,0.077,0.07,0.007,0.114,6,1051,15.228,0.001,0.044,0.014
1.611,0.493,0.064,0.032,0.139,2,706,9.312,0.002,0.044,0.031
2.975,0.161,0.102,0.009,0.193,6,1454,11.584,85.061,0.044,0.013
3.231,0.055,0.17,0.012,0.015,4,1286,0.001,0.001,0.044,0.026
3.232,0.171,0.129,0.014,0.061,8,1208,17.096,0.46,0.044,0.015
3.374,1.139,0.079,0.028,0.174,3,1942,15.539,0.001,0.043,0.011
1.482,0.525,0.057,0.024,0.096,2,659,1.501,0.002,0.043,0.021
2.705,1.017,0.119,0.043,0.048,3,1000,10.632,0.036,0.042,0.022
2.767,0.036,0.127,0.009,0.027,3,1351,0.028,0.001,0.042,0.029
2.972,0.084,0.16,0.01,0.02,7,549,0.192,2.484,0.042,0.016
2.256,0.439,0.089,0.009,0.072,7,667,18.0,2.086,0.042,0.019
10.817,0.285,0.639,0.043,0.012,9,1296,1.386,31.623,0.041,0.023
1.671,0.029,0.06,0.004,0.212,2,927,0.052,93.667,0.041,0.027
3.587,1.374,0.077,0.026,0.236,3,1777,18.032,0.141,0.041,0.014
3.179,1.081,0.073,0.026,0.187,2,1810,17.296,0.035,0.04,0.026
2.23,0.813,0.052,0.016,0.289,4,1223,18.265,9.42,0.04,0.011
1.238,0.026,0.036,0.002,0.287,2,771,17.307,0.076,0.04,0.026
2.7,0.038,0.122,0.008,0.022,3,1284,1.376,1.253,0.04,0.029
2.146,0.446,0.051,0.004,0.254,8,1171,21.453,10.23,0.039,0.023
1.618,0.567,0.067,0.035,0.086,2,726,0.619,0.001,0.039,0.025
2.111,0.039,0.098,0.006,0.034,3,1002,0.0,4.514,0.039,0.024
1.392,0.053,0.038,0.002,0.255,6,858,20.35,0.001,0.039,0.028
2.09,0.091,0.05,0.003,0.247,6,1382,19.06,0.001,0.038,0.023
2.543,0.179,0.089,0.01,0.185,9,1124,15.161,45.42,0.038,0.016
1.907,0.595,0.106,0.041,0.04,4,533,0.0,5.764,0.038,0.021
1.243,0.02,0.059,0.003,0.096,3,561,0.253,32.447,0.038,0.024
3.401,0.986,0.148,0.05,0.047,5,1165,17.576,13.539,0.038,0.02
1.342,0.511,0.05,0.015,0.092,2,588,0.587,0.001,0.038,0.027
2.515,0.861,0.093,0.037,0.075,2,1002,0.103,4.369,0.038,0.014
2.174,0.084,0.053,0.004,0.189,6,1415,19.145,1.217,0.037,0.019
3.609,1.23,0.112,0.035,0.116,7,1362,16.238,0.008,0.037,0.015
3.847,1.401,0.124,0.064,0.106,9,1690,17.252,0.0,0.037,0.017
2.505,0.057,0.063,0.005,0.202,9,1574,19.382,0.002,0.037,0.02
3.176,0.095,0.097,0.008,0.067,2,1898,15.768,2.933,0.037,0.028
2.222,0.179,0.102,0.013,0.14,7,548,14.161,94.499,0.037,0.015
1.397,0.042,0.041,0.003,0.291,7,813,18.696,0.259,0.037,0.018
3.693,0.387,0.177,0.023,0.041,9,847,18.055,0.0,0.036,0.012
1.981,0.04,0.065,0.005,0.114,2,1105,15.901,12.047,0.036,0.025
4.374,1.495,0.148,0.052,0.149,4,1736,12.001,68.693,0.036,0.014
2.641,0.045,0.051,0.004,0.301,4,1969,22.041,0.003,0.035,0.023
1.314,0.436,0.04,0.018,0.279,3,705,25.616,0.0,0.035,0.011
1.9,0.668,0.06,0.019,0.127,5,894,21.029,0.002,0.035,0.02
2.132,0.042,0.108,0.008,0.019,4,807,1.012,0.001,0.035,0.024
2.904,0.121,0.076,0.006,0.169,9,1765,20.018,9.127,0.034,0.014
3.593,0.179,0.106,0.013,0.092,9,1947,18.673,1.452,0.034,0.013
1.304,0.471,0.051,0.014,0.082,2,579,0.0,0.04,0.034,0.028
3.651,0.394,0.153,0.024,0.038,7,1282,17.626,0.0,0.034,0.015
2.231,0.025,0.075,0.005,0.06,2,1220,13.561,0.001,0.033,0.021
1.345,0.016,0.05,0.003,0.058,2,754,0.001,0.0,0.033,0.025
1.716,0.029,0.062,0.004,0.048,2,981,0.272,0.003,0.033,0.024
1.328,0.073,0.043,0.004,0.168,7,681,24.429,0.389,0.033,0.018
1.506,0.551,0.054,0.025,0.148,7,608,25.884,0.057,0.032,0.019
1.635,0.032,0.044,0.004,0.284,6,996,22.024,30.113,0.032,0.011
2.893,0.963,0.1,0.039,0.076,2,1378,0.0,42.041,0.032,0.021
4.169,1.536,0.101,0.046,0.119,6,1935,25.766,0.006,0.032,0.017
1.181,0.023,0.057,0.004,0.032,3,540,0.001,0.008,0.032,0.027
2.516,0.833,0.058,0.023,0.201,7,1416,28.556,1.369,0.032,0.019
2.498,0.037,0.051,0.003,0.196,4,1837,23.388,0.009,0.031,0.013
2.149,0.047,0.108,0.006,0.011,4,809,0.0,0.004,0.031,0.026
4.517,2.237,0.183,0.084,0.016,3,1296,0.001,0.007,0.031,0.025
2.761,0.985,0.058,0.023,0.271,6,1614,31.155,0.003,0.031,0.022
2.76,0.032,0.061,0.004,0.171,4,1964,17.343,0.481,0.031,0.01
2.975,0.138,0.081,0.009,0.068,7,1789,31.242,0.598,0.03,0.02
1.13,0.023,0.054,0.003,0.039,3,510,0.001,0.001,0.03,0.026
1.609,0.088,0.08,0.004,0.016,4,571,0.001,0.0,0.03,0.025
2.907,0.051,0.066,0.005,0.165,9,1974,27.873,1.717,0.03,0.017
2.448,0.039,0.049,0.003,0.276,7,1777,31.96,1.672,0.03,0.017
1.349,0.052,0.042,0.004,0.151,4,770,18.32,0.0,0.03,0.017
2.46,0.024,0.113,0.008,0.017,3,1194,0.006,2.642,0.029,0.027
2.014,0.743,0.054,0.015,0.136,4,865,20.919,0.137,0.029,0.017
1.328,0.486,0.055,0.024,0.059,2,589,0.0,0.373,0.029,0.022
1.636,0.509,0.087,0.037,0.015,4,509,0.002,0.021,0.029,0.025
1.756,0.121,0.061,0.009,0.116,8,862,24.675,0.003,0.029,0.016
2.872,0.932,0.141,0.046,0.028,4,870,11.143,5.439,0.028,0.015
2.448,0.059,0.051,0.004,0.28,8,1738,30.699,3.467,0.028,0.019
2.314,0.764,0.077,0.038,0.08,3,1130,22.243,2.16,0.028,0.013
2.322,0.479,0.087,0.035,0.047,2,1148,0.497,1.691,0.027,0.016
1.874,0.041,0.041,0.003,0.283,5,1324,26.864,1.282,0.027,0.02
1.693,0.024,0.062,0.004,0.074,2,960,0.001,22.415,0.027,0.015
2.351,0.235,0.104,0.013,0.062,9,622,23.559,18.523,0.027,0.013
2.858,0.065,0.074,0.006,0.171,5,1789,18.311,56.087,0.026,0.011
3.271,0.039,0.116,0.008,0.017,2,1935,0.001,0.343,0.026,0.022
1.733,0.031,0.088,0.006,0.043,4,648,0.171,40.017,0.026,0.021
2.112,0.026,0.043,0.003,0.29,4,1545,23.638,0.228,0.026,0.018
4.01,0.08,0.19,0.013,0.018,3,1974,0.006,33.571,0.025,0.016
1.148,0.033,0.034,0.001,0.283,9,677,37.532,0.082,0.025,0.021
4.971,1.691,0.216,0.067,0.011,3,1878,27.496,0.0,0.025,0.015
3.493,0.305,0.119,0.021,0.04,8,1594,32.456,21.822,0.024,0.02
2.375,0.047,0.048,0.003,0.228,4,1719,24.178,0.005,0.024,0.012
3.535,1.2,0.103,0.038,0.037,4,1377,24.327,0.015,0.024,0.015
1.313,0.04,0.038,0.002,0.234,9,764,32.682,0.0,0.024,0.021
1.596,0.556,0.058,0.018,0.073,2,597,2.489,0.029,0.024,0.016
1.311,0.016,0.057,0.003,0.043,3,537,23.821,0.002,0.023,0.015
1.461,0.056,0.042,0.004,0.146,6,849,31.587,0.987,0.023,0.019
3.008,0.078,0.107,0.006,0.02,2,1771,0.013,0.004,0.023,0.015
1.657,0.05,0.042,0.004,0.238,9,1039,32.237,0.001,0.022,0.015
2.069,0.043,0.047,0.003,0.25,4,1439,23.545,45.091,0.022,0.015
1.903,0.052,0.043,0.004,0.298,8,1322,34.721,0.145,0.022,0.018
1.558,0.052,0.04,0.003,0.182,7,998,35.699,0.995,0.021,0.016
0.871,0.013,0.026,0.001,0.197,5,527,48.227,0.012,0.021,0.023
1.675,0.032,0.04,0.002,0.185,5,1117,28.997,0.006,0.021,0.014
1.771,0.03,0.062,0.005,0.057,2,945,21.97,0.001,0.021,0.01
1.644,0.029,0.033,0.002,0.288,4,1204,54.055,0.131,0.021,0.015
2.279,0.794,0.06,0.026,0.23,7,1057,33.25,10.872,0.02,0.014
2.534,0.059,0.045,0.002,0.287,3,1939,48.789,0.006,0.02,0.018
3.256,0.051,0.15,0.01,0.026,3,1575,0.165,88.281,0.02,0.018
3.976,1.476,0.181,0.052,0.019,3,1593,0.001,40.438,0.019,0.013
1.565,0.018,0.057,0.004,0.081,2,882,0.174,79.894,0.019,0.012
1.354,0.048,0.043,0.002,0.138,2,797,23.997,29.992,0.019,0.009
1.843,0.039,0.04,0.002,0.149,4,1303,34.63,1.526,0.019,0.017
1.736,0.036,0.092,0.006,0.042,5,506,1.579,64.554,0.019,0.013
3.414,1.249,0.088,0.029,0.124,9,1453,36.016,0.009,0.018,0.016
3.507,1.242,0.068,0.028,0.239,4,1857,34.446,0.198,0.018,0.019
2.036,0.723,0.1,0.042,0.023,3,647,0.001,9.085,0.018,0.014
1.41,0.044,0.041,0.002,0.104,3,863,28.288,3.096,0.018,0.014
2.469,0.238,0.1,0.016,0.036,7,863,30.694,9.3,0.017,0.015
2.171,0.686,0.1,0.039,0.013,3,829,4.625,1.282,0.017,0.018
3.156,0.077,0.108,0.005,0.021,2,1824,2.574,0.0,0.017,0.011
2.199,0.03,0.108,0.007,0.035,4,806,1.199,96.684,0.017,0.016
2.047,0.029,0.04,0.002,0.225,4,1522,41.758,0.002,0.017,0.016
1.132,0.026,0.035,0.002,0.203,4,654,28.835,69.163,0.016,0.015
3.277,0.048,0.115,0.008,0.019,2,1958,0.001,5.058,0.016,0.012
0.922,0.008,0.026,0.002,0.177,3,601,47.545,0.013,0.016,0.018
3.665,0.286,0.136,0.021,0.023,5,1718,29.159,0.292,0.016,0.015
2.402,0.811,0.05,0.016,0.273,9,1394,51.324,0.002,0.016,0.014
1.433,0.033,0.034,0.002,0.259,7,973,49.366,0.118,0.016,0.014
1.316,0.028,0.029,0.002,0.218,3,931,63.183,0.01,0.016,0.019
2.647,0.054,0.055,0.004,0.187,9,1868,41.862,11.876,0.015,0.014
4.045,1.231,0.223,0.091,0.028,7,633,0.055,90.809,0.015,0.009
1.355,0.043,0.033,0.002,0.292,8,910,49.079,0.002,0.015,0.017
3.465,0.04,0.157,0.011,0.017,3,1648,0.35,84.198,0.015,0.016
2.216,0.055,0.077,0.006,0.022,2,1289,0.0,0.001,0.015,0.01
2.505,0.04,0.046,0.003,0.235,6,1857,49.887,0.0,0.014,0.015
2.456,0.053,0.044,0.003,0.212,4,1859,57.02,0.003,0.014,0.016
2.653,0.912,0.058,0.022,0.141,6,1533,39.728,0.0,0.014,0.011
1.367,0.453,0.036,0.013,0.189,4,649,57.467,0.003,0.014,0.017
2.926,1.048,0.128,0.056,0.038,8,670,38.25,0.079,0.014,0.014
2.542,0.848,0.093,0.04,0.034,2,1191,9.023,3.608,0.014,0.01
2.556,0.053,0.05,0.004,0.203,5,1864,33.773,6.977,0.014,0.017
2.726,0.049,0.098,0.007,0.014,2,1595,0.005,0.046,0.014,0.015
2.447,0.387,0.055,0.022,0.285,7,1628,48.864,2.022,0.014,0.013
2.214,0.025,0.046,0.003,0.226,9,1585,50.821,0.001,0.013,0.012
1.308,0.013,0.031,0.002,0.123,4,892,64.108,0.03,0.013,0.015
1.834,0.028,0.037,0.002,0.153,4,1358,65.455,0.024,0.013,0.015
2.716,0.109,0.062,0.005,0.085,5,1868,33.423,0.0,0.013,0.016
2.161,0.778,0.047,0.014,0.189,5,1239,38.385,0.554,0.013,0.016
2.024,0.091,0.056,0.005,0.073,5,1241,31.085,0.001,0.013,0.016
1.243,0.025,0.029,0.001,0.291,6,856,54.979,0.003,0.013,0.014
2.2,0.787,0.061,0.03,0.186,6,1017,41.565,9.749,0.012,0.011
2.134,0.056,0.047,0.002,0.215,7,1475,38.205,23.672,0.012,0.009
1.453,0.025,0.035,0.002,0.291,9,971,53.589,11.41,0.011,0.014
2.051,0.039,0.039,0.002,0.304,5,1554,53.946,0.022,0.011,0.014
2.084,0.753,0.051,0.017,0.165,6,1116,32.747,0.001,0.011,0.008
0.929,0.025,0.029,0.001,0.255,5,546,39.665,56.681,0.011,0.017
2.576,0.932,0.082,0.028,0.029,3,1216,38.826,6.46,0.01,0.013
2.29,0.865,0.06,0.027,0.254,9,1029,42.392,18.2,0.01,0.007
2.494,0.086,0.046,0.002,0.263,8,1859,68.328,0.005,0.01,0.016
1.456,0.036,0.033,0.002,0.205,6,1013,57.885,0.04,0.01,0.016
7.172,2.656,0.309,0.12,0.011,9,544,0.0,52.512,0.01,0.007
1.408,0.024,0.031,0.002,0.281,2,1017,39.072,5.319,0.01,0.013
3.622,1.337,0.095,0.041,0.074,8,1574,45.987,3.063,0.009,0.013
1.273,0.028,0.028,0.001,0.292,2,914,46.438,7.887,0.009,0.012
0.932,0.021,0.031,0.002,0.132,6,507,50.538,0.015,0.009,0.014
3.583,1.296,0.089,0.031,0.091,7,1853,40.578,68.914,0.009,0.012
4.162,1.741,0.087,0.029,0.063,5,1919,44.093,3.305,0.009,0.015
2.01,0.106,0.071,0.007,0.034,5,983,40.972,0.031,0.009,0.015
2.413,0.04,0.043,0.003,0.206,3,1865,66.991,0.005,0.008,0.016
2.45,0.869,0.054,0.015,0.119,6,1369,50.936,3.166,0.008,0.01
2.565,0.948,0.052,0.018,0.102,3,1524,49.354,13.649,0.008,0.015
2.608,0.365,0.047,0.003,0.121,5,1783,61.29,6.471,0.008,0.011
1.759,0.03,0.037,0.002,0.125,3,1278,55.197,0.295,0.008,0.015
3.56,1.266,0.067,0.023,0.176,8,1829,69.874,0.08,0.008,0.013
3.203,0.963,0.064,0.028,0.166,5,1974,49.041,73.63,0.007,0.015
1.199,0.039,0.042,0.004,0.068,6,574,48.84,24.894,0.007,0.012
2.069,0.056,0.049,0.003,0.1,6,1379,44.744,0.0,0.007,0.013
1.181,0.387,0.03,0.011,0.158,3,661,70.985,0.22,0.007,0.014
1.776,0.031,0.038,0.003,0.091,4,1268,68.625,0.023,0.007,0.014
1.76,0.033,0.045,0.003,0.118,9,1112,60.696,0.002,0.007,0.012
0.859,0.015,0.025,0.001,0.247,7,528,75.769,8.857,0.007,0.014
2.51,0.029,0.079,0.005,0.018,5,1353,68.174,0.07,0.007,0.011
1.422,0.482,0.052,0.025,0.044,5,593,65.91,0.002,0.007,0.011
1.785,0.63,0.039,0.01,0.176,6,1006,77.959,1.194,0.007,0.013
2.586,0.02,0.051,0.004,0.093,6,1868,67.144,0.657,0.007,0.013
1.981,0.047,0.042,0.002,0.16,5,1423,52.84,56.465,0.006,0.013
2.152,0.042,0.04,0.002,0.174,4,1639,82.347,5.144,0.006,0.012
4.499,0.345,0.187,0.025,0.013,7,1549,45.721,0.001,0.006,0.006
1.896,0.047,0.065,0.006,0.03,6,932,69.126,8.786,0.006,0.011
3.219,1.167,0.114,0.036,0.012,2,1559,0.068,0.002,0.006,0.008
1.965,0.045,0.049,0.003,0.081,2,1333,29.044,5.373,0.005,0.005
1.695,0.029,0.059,0.003,0.053,2,916,24.666,25.932,0.005,0.005
3.331,1.188,0.113,0.028,0.015,2,1622,0.042,73.885,0.004,0.005
1.672,0.603,0.037,0.011,0.164,2,981,46.131,0.003,0.004,0.005
2.907,1.089,0.052,0.016,0.255,2,1830,44.081,0.002,0.004,0.005
2.711,0.069,0.066,0.004,0.068,2,1851,32.033,58.613,0.004,0.005
1.268,0.027,0.031,0.002,0.161,2,878,37.501,0.002,0.004,0.005
2.289,0.039,0.045,0.002,0.15,2,1672,33.802,0.055,0.004,0.005
2.169,0.029,0.043,0.003,0.181,2,1615,33.42,0.111,0.004,0.005
1.323,0.02,0.036,0.002,0.104,7,813,69.419,0.001,0.004,0.008
2.213,0.05,0.044,0.003,0.072,2,1638,52.744,0.086,0.004,0.005
1.363,0.031,0.04,0.002,0.05,2,843,41.962,0.03,0.004,0.005
2.191,0.917,0.062,0.02,0.046,6,721,56.17,0.008,0.003,0.007
2.66,0.053,0.067,0.006,0.019,2,1797,55.222,0.0,0.003,0.004
2.577,0.042,0.044,0.002,0.176,2,1988,58.528,0.0,0.003,0.004
1.801,0.04,0.037,0.002,0.26,7,1315,61.009,8.958,0.003,0.004
1.975,0.745,0.042,0.012,0.07,3,1139,75.601,3.944,0.003,0.006
1.756,0.045,0.035,0.003,0.163,3,1302,78.567,0.001,0.003,0.006
3.081,0.047,0.105,0.007,0.011,2,1771,18.075,0.0,0.003,0.005
2.265,0.045,0.04,0.002,0.285,4,1723,90.659,0.035,0.003,0.004
2.44,0.035,0.056,0.004,0.085,8,1632,59.478,1.54,0.002,0.003
1.496,0.032,0.032,0.001,0.131,3,1079,84.459,0.053,0.002,0.004
2.279,0.334,0.039,0.002,0.239,5,1565,94.092,17.297,0.001,0.003
1.252,0.02,0.031,0.002,0.065,2,857,68.12,0.004,0.001,0.003
2.411,0.124,0.103,0.011,0.017,6,776,57.684,0.009,0.001,0.002
0.96,0.017,0.027,0.001,0.113,4,613,84.213,68.887,0.0,0.001
2.307,0.814,0.049,0.02,0.167,5,1163,90.775,0.013,0.0,0.001
1.887,0.026,0.038,0.002,0.105,4,1334,92.424,1.41,0.0,0.001
1.234,0.022,0.047,0.003,0.011,2,686,2.111,16.522,0.0,0.0
2.118,0.037,0.038,0.002,0.128,2,1614,94.778,15.556,0.0,0.0
2.994,1.114,0.06,0.021,0.099,7,1768,88.052,0.006,0.0,0.0
3.172,1.177,0.059,0.02,0.134,6,1929,86.392,14.466,0.0,0.0
2.838,1.058,0.049,0.017,0.188,2,1783,91.924,1.076,0.0,0.0
2.2,0.042,0.042,0.002,0.152,7,1610,96.565,0.259,0.0,0.0
